user_id,tenure,plan_type,monthly_fee,avg_watch_time_per_day,days_since_last_login,num_devices,is_family_plan,num_complaints,auto_pay_enabled,watch_genre_pref,churn
ea7bbdc2-4e00-4244-8eb5-8ff52f282313,7,Basic,9.99,41.12298589152565,16,4,1,1,1,Comedy,0
01bdecdd-e993-47db-b867-e59c4eb32f72,20,Standard,13.99,38.10826920894142,27,5,1,0,1,Documentary,0
c004bccd-f3cd-47f6-8c21-19c1be06d7a9,15,Basic,9.99,54.684608270120336,24,3,0,0,1,Horror,0
aaf51161-5e15-42c0-92dd-b52de906a95f,11,Standard,13.99,88.66844839650336,28,1,1,0,1,Drama,0
28900c8c-7aaa-48b5-a651-d7e1c6c2c57e,8,Basic,9.99,70.5613673549247,15,3,1,3,1,Drama,1
a9d36a19-b2a8-40dd-a7e6-01662f8ffed9,21,Standard,17.99,69.77383905418436,22,4,0,1,1,Drama,0
a0291ccd-902e-4eef-aab6-297ad83e9cc1,7,Standard,9.99,23.613841426705527,1,3,0,1,1,Action,0
d6c36531-66a5-4bf1-a8c2-79df5011985c,19,Basic,9.99,46.13626345527162,21,5,1,0,0,Documentary,0
62189106-4c37-4400-a098-9077ad2188b3,23,Basic,17.99,23.28684734275926,17,3,0,1,1,Action,1
d4fbbffd-5cfe-40bc-abbd-f6724bbbc8ce,11,Basic,13.99,83.42491578643087,16,4,0,1,0,Romance,0
45d95dec-55f1-48e9-989c-7cb7dcc97d63,11,Basic,13.99,91.71292985771466,29,4,0,1,1,Comedy,0
d50e061c-53b4-4749-b48a-7ccd848b0804,24,Premium,9.99,75.59133454480764,6,4,0,1,0,Romance,0
733ca70f-20bd-4290-b6fa-1c78c048b318,21,Basic,17.99,40.2642790852091,12,5,1,0,1,Horror,0
e6af14a7-b0cd-4b2c-b2b7-cf37e20e7189,4,Premium,13.99,89.64044987231581,17,4,0,0,1,Action,1
98dc6a7b-5b20-42e4-ac1a-424c710c4d54,8,Basic,9.99,54.9349017994958,28,1,0,0,0,Action,0
fd7c535b-51d7-4656-8c39-62748d094fd6,24,Standard,17.99,35.71081438494677,13,4,0,0,0,Romance,0
d2c0c428-99bd-4a13-838e-5c007b34b6d5,3,Standard,13.99,40.71191490776616,29,3,0,1,1,Horror,1
3df401e4-5e0a-4a10-be18-fffbaaa35435,22,Standard,13.99,51.396867288163264,17,3,0,0,1,Drama,0
d8140271-5d62-494e-b7d6-d4640816d3e5,21,Standard,17.99,60.991570409694134,12,3,0,2,1,Horror,0
63cfc332-d8d1-4b6a-a682-46b5ec6e84e3,2,Standard,17.99,56.773115766964125,10,5,1,1,1,Documentary,0
68d433bf-732e-4ea5-a7ed-4479cf0216bb,24,Basic,17.99,31.74663163657946,20,3,0,0,1,Romance,0
d129a8c2-9da6-42f9-a2ed-8da3d476eb9f,12,Premium,17.99,84.26632818371283,29,5,0,0,1,Horror,0
aaf47215-99ae-4a77-a76b-b340aa17549c,6,Premium,9.99,56.987881611263134,20,5,0,0,1,Drama,0
3c8d0a6c-79f4-4e30-8d2e-f86e96484c5b,2,Premium,17.99,45.72492287458698,15,4,0,3,1,Horror,1
c019b189-98e7-4ba8-bb8d-0befbe56cd92,21,Basic,13.99,82.20604723965528,22,1,1,0,1,Action,0
4d0b57e8-6b08-4601-988d-a475a6d13c7f,1,Standard,13.99,36.33187623466938,16,4,1,0,1,Comedy,1
3c12bac5-b4a2-46ee-aff0-ed888df2651a,12,Premium,9.99,27.422196328509706,7,4,1,0,1,Action,0
8d2b6e3d-59ad-4608-b833-f7678602c6c0,22,Basic,13.99,85.44974893197478,18,5,0,1,1,Comedy,0
b42bac5f-7970-4a72-8f5a-a85bac0b5464,12,Basic,13.99,97.82775699100678,19,5,0,2,1,Horror,0
583b8f24-c72d-4dde-bbfd-b4c4313e06cb,17,Standard,17.99,50.758079626972034,14,3,0,0,1,Documentary,0
5ae1dd7f-365d-4621-bd95-1e2d8c74feab,10,Standard,13.99,59.0805998416571,8,3,0,0,1,Horror,0
44d894da-8ec9-4cfa-9577-53b8f2e30695,16,Premium,9.99,37.06670570958193,19,4,1,2,0,Drama,0
40a5eb11-f23c-444a-bf9c-0ce5e83414e6,15,Basic,17.99,60.10985100486786,9,2,1,0,1,Horror,0
2da013f7-8d92-4e39-a93a-6a5462f38c8b,15,Standard,17.99,50.48589472537606,11,2,1,0,1,Comedy,0
69f2f63b-204a-40bf-987e-220704a676b7,19,Basic,9.99,57.95743119930001,20,3,1,0,0,Action,0
4bb8fe69-a7e1-4c09-93f2-7c30e9600111,12,Basic,17.99,68.18516775194485,22,2,1,0,1,Documentary,0
ec38d8f9-d5b2-4e83-8ee1-dd109669690a,23,Basic,17.99,38.037090439383064,19,3,0,0,1,Horror,0
c5929a4a-e0aa-44d8-a651-8eb2b23466bc,20,Premium,9.99,52.76377321534865,29,5,0,0,0,Horror,0
9fad3822-44c3-418b-bf46-0c41bd4b1967,3,Standard,17.99,23.924371564436434,0,4,0,1,1,Action,1
c1858bbb-a9d3-4f50-871a-585508b779f0,5,Standard,9.99,52.90025431773424,24,1,0,0,1,Documentary,1
b3274d6a-d322-454d-92a7-249e8ec84ddf,19,Basic,9.99,58.13131858166001,19,4,0,0,0,Romance,0
359581b3-9f7e-49ca-a79f-90c5480a30d9,7,Premium,13.99,64.57964850122156,8,3,0,0,0,Horror,0
7366364e-54f8-47d6-a366-d17090a27461,21,Basic,13.99,64.79153080726418,21,3,1,0,1,Horror,0
5e6a1324-527b-4434-bf1d-468178b71c52,9,Premium,17.99,78.07845501473712,14,4,0,0,1,Romance,0
6e3706ed-f4d3-46ca-b5c1-50326f0e8468,7,Standard,17.99,29.206669614533602,0,3,1,0,0,Comedy,0
133b787a-9bef-45a9-95cb-5899523e3664,18,Basic,9.99,30.27445940099412,11,2,1,0,1,Comedy,0
6b2403ec-cbe5-4624-b9ff-51445ba4d9f3,4,Standard,17.99,70.5791587278504,2,2,0,1,1,Drama,0
a93ca482-28be-4dec-aa1e-1be4e217c1b2,14,Basic,9.99,19.22077445989168,10,3,0,1,1,Action,0
a34170f1-0d85-4617-9ebb-a64f2939fedf,18,Standard,9.99,63.66600424209986,1,3,0,0,1,Documentary,0
99f64bc2-1041-4b95-925f-7b7eda362473,9,Standard,17.99,36.39414120820213,15,2,1,0,1,Horror,0
2d2fea38-ecca-4991-82ef-7590a99ee703,21,Basic,9.99,91.45629281834363,8,3,1,0,1,Horror,0
f2edd7c1-1b89-433e-8e1e-eadb15f2fc9f,2,Premium,13.99,65.00904815455554,14,3,1,3,0,Drama,1
2cf70a81-3aed-4e19-a124-ad11374058b8,20,Basic,17.99,55.61687960573877,11,4,0,0,1,Horror,0
0b6b1b99-ca61-4f41-aa97-79b38a469da0,15,Standard,13.99,84.55441754278357,0,1,0,0,1,Action,0
95e89eeb-05a4-4efc-9122-a0ea884e6394,7,Premium,17.99,38.73195986858099,12,2,0,0,0,Drama,0
10dae3d2-ca56-4613-a8ea-60bf65eaeaf9,12,Standard,9.99,42.531807318243835,13,4,1,2,1,Action,0
0a2d3a69-e939-4ed9-8088-66381aae0457,8,Basic,17.99,34.77090332689782,24,1,0,1,1,Drama,0
9849ff0e-5bd3-465f-9c26-372dfccddfb8,15,Premium,13.99,42.69921547302014,24,3,0,0,1,Horror,0
a45733fc-81b9-40e5-9c6b-3684889f889c,3,Standard,9.99,61.222312187347754,7,3,0,0,1,Drama,0
f7357ccd-52fa-4c90-8dfd-9d3e11d5802c,14,Basic,17.99,69.87903743987441,7,4,0,1,0,Comedy,0
a6e1f603-0367-412a-adfa-1005ab0e7e12,17,Basic,17.99,79.22843370735086,26,3,0,0,1,Documentary,0
049fd32c-4968-488c-b920-b443e238977c,4,Standard,17.99,23.50551906198522,29,5,0,0,1,Horror,1
34cd35ec-9e0b-4b41-91b6-ab99381afe16,18,Standard,13.99,56.56274027073417,11,4,0,0,0,Romance,0
8f0f04e3-bad0-4b18-b1ac-a032cc80cf5d,8,Standard,13.99,37.83670937618396,0,1,0,1,1,Documentary,0
f7eafeb8-e47f-447e-8e44-50646caa19d3,4,Premium,17.99,55.89425817023798,10,4,1,0,1,Horror,0
1a22d65b-a843-4224-8e18-9b0426343e5d,2,Standard,9.99,106.6832716025408,7,2,1,0,0,Documentary,0
23ddbc1c-f970-4cfb-91b2-9e96fb7c6cf8,6,Basic,9.99,65.8372352400003,9,4,0,0,1,Comedy,0
57427d4b-2805-42ca-ac35-d50cede3c568,22,Basic,13.99,77.98929942296492,29,3,1,0,1,Documentary,0
696c95c5-ffe0-4315-ab65-a0c9fb1a411d,10,Basic,9.99,99.21382544322094,18,3,0,1,0,Drama,0
ea53fbec-df61-4c84-a0eb-f3a7cffe0eed,4,Standard,13.99,82.54716486349517,10,5,0,1,1,Documentary,0
8747033a-3688-4337-8508-4c08ad11d8ed,22,Basic,17.99,51.04171040626031,6,5,1,0,1,Horror,0
cbdd8e5d-b26d-475c-ba98-90670f1277c8,18,Standard,13.99,34.483358268601236,10,5,1,0,1,Romance,0
b6f97557-3610-48e3-8a28-bbd84d6219eb,12,Standard,13.99,59.39711460958298,16,1,1,3,0,Romance,1
12265ab9-afd1-437c-b96a-80b7561873ac,2,Premium,17.99,48.64588431562629,0,5,0,0,1,Action,0
6d6d30b7-baed-42f7-b76e-5f0e2827bc7f,10,Basic,9.99,29.509574267616514,25,1,0,1,0,Documentary,1
cbc62fd2-fd6d-4840-9019-8efc6958ac79,4,Premium,13.99,64.81849994578937,28,5,1,0,1,Romance,1
caa1d95a-9104-4109-8972-bf2f8f5773fd,14,Basic,13.99,65.31772596118665,20,1,0,1,1,Documentary,0
fa9926fb-0c45-418c-9439-ca0df5625149,16,Premium,17.99,95.38233400526573,20,4,0,0,1,Romance,0
a31dc12f-8cd8-470e-909a-81141d782517,15,Basic,9.99,52.764738623263725,7,4,1,0,0,Documentary,0
f067ae3b-9941-448f-b7f7-f444a2f6d028,8,Basic,13.99,65.60242777938899,22,3,1,0,1,Horror,0
0068f4e9-6564-48b5-b07e-bec83ee77921,14,Standard,17.99,46.690291706195694,23,1,1,0,0,Documentary,0
f637a587-0d7b-42e2-9934-6b8bbad2930c,23,Basic,13.99,77.46338861386931,5,2,0,0,1,Horror,0
0701055f-3212-467a-9517-62464d0eacac,8,Basic,17.99,57.50764407619741,21,3,1,0,1,Horror,0
31d9b574-02eb-4d49-b79f-1478fc2c7426,21,Standard,9.99,36.548167822945146,17,4,0,0,1,Action,0
cebcfbe0-5ba3-4fc6-975c-e99e280c8076,16,Standard,9.99,59.730563566696844,5,1,0,0,1,Romance,0
409bdf2c-b531-45cb-bf8f-828052e8a1d1,13,Standard,9.99,67.81045795130002,4,5,0,1,1,Drama,0
65e05056-259b-4aa4-a29b-de19bab1535e,18,Standard,9.99,65.10546774827125,12,2,0,0,1,Horror,0
1e0a6efa-c706-4d35-bd45-afeb601843ee,15,Standard,13.99,80.91793430991738,18,4,0,0,1,Romance,0
23e5e6ae-0596-44c3-999c-b3b960a5efc7,21,Basic,13.99,31.03887255918621,21,3,0,1,1,Comedy,0
6f57168b-898a-493d-8df8-6be5ff44a009,24,Basic,9.99,43.14514819970117,7,1,0,0,1,Documentary,0
aa68cc51-39e3-4e31-b953-006afb250948,13,Basic,9.99,72.79574663591075,8,2,0,0,1,Comedy,0
44b3325e-0107-4f07-aed2-bfebe859f076,9,Premium,9.99,45.494620440778576,16,1,0,1,0,Documentary,0
d1a11798-f7f8-48af-98c4-3c30eca5af5c,15,Standard,13.99,64.80942498660414,2,5,0,0,1,Action,0
ce656554-fc4c-4632-be17-1e59ef36c139,13,Standard,9.99,11.60509505176475,18,3,0,0,1,Horror,1
8dc7b2a5-a994-491e-9f00-1ea4ad791dd8,1,Standard,9.99,114.31893144625764,10,1,1,0,1,Drama,0
8c2125bb-5c6a-4839-8d25-71311f3ad3eb,7,Premium,9.99,54.60562936885328,23,4,1,2,1,Horror,0
e338c571-e9d3-4764-b3e3-d155f575d726,9,Basic,17.99,83.87912519976555,16,3,0,1,0,Documentary,0
b975265b-428f-4b55-a8c0-76018374ff62,24,Standard,9.99,53.26204348833018,20,4,1,0,1,Drama,0
11ecc8f7-3ea4-45b1-90e2-3dbb1faceb47,1,Standard,17.99,68.29397057461773,18,1,0,1,1,Horror,1
21e69ea1-3f3c-4531-b747-a23ec4ecdab7,12,Standard,17.99,89.83839292690544,1,3,0,1,1,Drama,0
0588444c-a389-4f7d-8b03-8f902a536ff1,8,Basic,9.99,83.3161203841677,7,4,1,0,1,Documentary,0
4b615139-df23-4f8c-b3be-2cd1417cc334,24,Premium,17.99,55.91090040629551,18,5,0,1,1,Action,0
4f0f8efd-c26a-4304-8104-f089eeb4c8d3,11,Premium,9.99,57.29491349212615,6,5,1,1,0,Action,0
aa18d535-421b-4f3c-98af-dd87e1285697,19,Standard,13.99,80.07133120366571,27,1,0,1,1,Horror,0
9d7cd764-4089-4bb1-acc0-984313d81f41,17,Standard,13.99,106.66488808570602,26,3,1,0,1,Comedy,0
6c577072-9dd5-40b7-8db9-10383e13161b,8,Premium,13.99,63.845653487980826,16,2,0,2,0,Documentary,0
f05fdfac-1ea3-426a-b428-83cc5b83afc0,3,Standard,13.99,99.14127281083282,5,3,0,1,1,Horror,0
41cd744c-cc19-48ca-bda4-4905b718a47f,3,Basic,17.99,55.171711791595875,18,5,0,0,1,Horror,1
8a04ca7e-1baf-4a3d-a195-13df2e6166dd,1,Standard,9.99,79.03920727019604,23,4,1,0,1,Action,1
947e2ab5-facf-4e90-9e74-567b3d2e60cb,5,Standard,9.99,82.02311524494573,5,2,0,1,1,Drama,0
e214d127-872b-487b-9e38-4c1400146468,10,Standard,9.99,51.80078992294453,27,1,1,1,1,Documentary,0
2e677907-f600-4069-a01b-6eb81607b123,7,Standard,13.99,45.05843841396717,1,2,0,1,1,Drama,0
b9fabf9a-8492-464a-8153-71da36365f21,9,Premium,13.99,82.90778377094705,5,1,0,1,1,Romance,0
e84cf2ac-4578-44bb-ac4a-27f9145bbccc,7,Premium,9.99,49.36886125513887,22,2,0,2,1,Romance,0
6613d17b-7d47-4f5e-a6d4-953883abec71,9,Standard,13.99,42.113001746491946,4,1,0,0,1,Documentary,0
0e3ef31d-bd14-41d3-8898-4067bc9f5fac,8,Basic,9.99,46.32080996401806,18,1,1,1,0,Comedy,0
6fa4b6eb-2377-461b-a24b-71995a031a30,12,Premium,9.99,49.287733231491764,19,2,0,2,1,Romance,0
0bb03fef-c885-4ab9-948c-4f7a8752ebd7,2,Premium,9.99,77.13234209251355,3,2,0,0,1,Action,0
dab7ea28-1a7b-4c3e-a0cc-840761928c96,1,Basic,9.99,70.30085346552376,21,1,0,0,1,Comedy,1
2c99310b-bf8d-4aa8-b6c2-9d22075a5b68,16,Premium,9.99,74.31316489515783,25,5,0,0,0,Horror,0
799e19ed-ca41-4e0b-ae09-43dc3b262c6e,23,Premium,9.99,68.42759622196165,16,2,1,1,1,Romance,0
0c1d4473-9738-4c7f-a912-dcf6466da449,23,Standard,9.99,48.12319675506723,10,3,0,0,0,Action,0
e44cfdcf-ea41-467a-ae52-8c8d82691b82,24,Standard,13.99,73.94205711816545,3,4,0,0,1,Horror,0
e3e971ae-1f3a-45fd-a1a2-412e0b46a857,5,Basic,9.99,83.64907653210608,25,1,1,0,1,Comedy,1
b34341f7-a7ea-49b4-ad5a-a1d759141a24,3,Basic,9.99,71.69006432238618,12,1,1,0,0,Documentary,1
19162146-b9fe-4aac-bdf5-3e8236fb366e,12,Basic,13.99,68.99311813251701,19,4,0,1,1,Horror,0
09198409-fae4-4ead-a419-339fa54878e1,8,Premium,13.99,44.65890986858647,25,5,0,1,0,Drama,0
1c36db54-ffdd-48af-8089-bf5a64f59a4d,22,Basic,13.99,64.23634157948956,16,4,0,0,1,Documentary,0
6054ef26-4252-4b26-8e31-84eff72259d6,3,Basic,9.99,43.59517341102597,8,2,0,1,1,Documentary,0
7285f028-4def-4a5e-92a4-9731771996c9,1,Basic,17.99,59.519442838387924,3,4,1,0,1,Comedy,0
2e9c8852-dbbd-44cc-86f5-ce5d8bbcc687,3,Standard,17.99,27.19466721549368,22,1,0,0,1,Comedy,1
2b285241-48ba-4cfa-bbbb-aeace379b3b2,5,Premium,13.99,27.348831940158135,27,4,0,0,0,Action,1
fb1fc7b9-d9c7-49b3-8e12-ee52f2f2aaea,15,Basic,17.99,56.1790462010594,13,3,0,0,1,Action,0
e6fcc87a-15bd-42eb-b4c5-cb0596da9e5e,14,Basic,13.99,49.0312065634602,18,2,0,0,0,Drama,0
1f7335d1-a0e2-4901-bc2f-cc87b004dee7,3,Standard,9.99,62.13574386948347,25,4,0,0,1,Documentary,1
49704437-d1e3-4ad3-84e2-9fb6e7df7476,1,Standard,17.99,57.30462841769762,27,1,0,0,0,Drama,1
0cf7bb53-21ed-4bdf-acae-23af3066958d,5,Basic,9.99,60.603815744203104,2,2,0,0,1,Drama,0
a42cb356-9013-428b-82d8-26d58954495b,23,Standard,17.99,72.1721488471348,13,1,0,0,1,Comedy,0
59ecb264-6cfd-41c0-aac9-edc608cba53b,14,Basic,9.99,50.734620886783354,7,5,0,0,1,Drama,0
047ad796-ebc4-42c2-833c-3ed4a939912d,7,Basic,17.99,55.61112376710274,23,3,0,0,1,Drama,0
8945ba76-58ca-4929-a106-6ed42c83a6ec,9,Standard,9.99,89.10042445526328,26,5,0,1,1,Horror,0
4513cafe-245f-4890-a81d-b05de4f4ad06,15,Standard,9.99,60.06168253650054,27,3,0,1,0,Action,0
7b5c90c6-b9eb-4281-9e91-ba8554f2b572,15,Premium,17.99,56.415790507492225,0,4,0,1,0,Action,0
c7fc9e78-fefb-4bd8-997b-2056e77b0068,10,Basic,9.99,61.65025398646379,9,2,0,1,1,Documentary,0
e995df44-0a0a-45ea-95fc-23fe9eac79dc,13,Standard,9.99,56.77271253980939,17,4,0,0,1,Action,0
5d26e3a3-69bf-4a86-b022-cc35ea9aa54d,19,Standard,9.99,45.808554140935506,15,3,0,1,1,Romance,0
e64eb55b-0238-4e70-9736-3571551b1905,7,Basic,17.99,40.03940325640559,7,3,1,0,0,Documentary,0
c7f221e9-a8ac-457c-9e60-8d61ffb76ec1,17,Standard,17.99,44.731373196999904,0,3,1,2,1,Horror,0
fb7b52b3-e881-4495-a009-1675c15b7468,20,Basic,9.99,77.45838373541574,11,1,1,0,0,Action,0
1ed8504e-7581-4fc7-afb6-050fadd48d9b,4,Premium,9.99,47.40189490563175,7,2,0,1,1,Horror,0
627be264-2409-45eb-afc1-dfd3fa99dfb1,5,Basic,17.99,56.90150796327447,23,4,1,2,1,Action,1
2216299e-67d7-435f-8b07-5f23251b6977,23,Standard,17.99,74.01472570265796,15,4,0,1,0,Action,0
662f259a-a5d9-4832-ba76-db5ac42763df,7,Basic,9.99,54.43217658378043,17,5,0,0,1,Horror,0
0718c672-8703-4fe4-b71c-f05190f5c2e0,13,Premium,9.99,72.66722629687305,3,3,0,0,1,Drama,0
113bdabf-8be6-4594-b8b4-62fd84a1d12e,15,Standard,9.99,29.184139151382663,5,3,1,0,1,Drama,0
fdc10199-5702-4614-8153-1fbee21fd032,11,Standard,13.99,57.34966640916207,11,3,0,0,0,Drama,0
1df5c9f7-d3e9-41c5-8482-e77545ac99e1,4,Basic,17.99,61.577921931970174,26,4,0,1,1,Romance,1
bd525d62-8f10-4c33-9b38-270749a333ba,13,Standard,13.99,60.462774461963356,8,5,1,0,1,Drama,0
fedac0c7-3678-4919-b671-f453911b4c15,7,Basic,17.99,26.94162604322232,14,1,1,1,1,Action,1
d5881058-c5dd-41ee-acde-560280366488,19,Premium,17.99,84.06225292861609,15,2,0,0,1,Comedy,0
b8e38392-97f7-4453-9434-69319437d192,22,Basic,17.99,42.906541100571665,23,1,0,0,0,Horror,0
45df6c0f-c21c-49ca-948a-cd4a52d4be49,2,Basic,17.99,66.70074250524935,11,4,0,1,0,Comedy,1
073abf8b-2822-4acc-8379-136e23076fbc,10,Basic,17.99,60.15928565294661,23,3,1,0,1,Romance,0
90cc20b7-7311-4236-b7e5-2d17a7270271,13,Standard,17.99,80.07419047621354,22,2,0,0,0,Comedy,0
a29975ba-c3d3-400b-bc2c-d348c4de3733,21,Standard,17.99,103.74977658748412,13,4,0,0,1,Documentary,0
a0d30395-6bbb-47b0-a0af-e2b5ebcb270f,6,Basic,13.99,34.19271030914328,12,4,1,0,1,Drama,0
910d4874-dc6b-4f34-a300-6b697a145e2b,12,Standard,9.99,47.02172237455002,24,4,0,0,1,Romance,0
bfdc4f19-54d9-45b2-a557-457f8d8431cc,12,Standard,9.99,63.78184987678104,1,2,0,0,0,Action,0
ca74d17d-e3eb-4784-818e-c85c53973b38,20,Standard,13.99,37.892933648944165,2,2,0,1,1,Drama,0
610f399b-1fb1-44c7-be91-a685ae53121e,11,Standard,13.99,75.6436521591152,25,5,0,0,1,Drama,0
cc006cd1-ef31-4455-abe1-b40bd80a9385,23,Standard,13.99,76.86745244314118,23,5,0,0,0,Comedy,0
b4bcd8e1-56be-4a52-805c-51c9df9c7757,7,Standard,13.99,71.18898151990075,29,1,0,0,1,Documentary,0
b97a4da9-ba5a-4248-8c5a-63f77132bdf5,1,Basic,17.99,64.73163501752394,21,2,0,1,1,Drama,1
d4463aab-b670-4392-ab9c-0e681afddf83,1,Basic,9.99,87.39417555939562,9,2,0,0,1,Horror,0
88a4406e-20b7-4214-bbd3-5ce7d5f96faf,20,Premium,17.99,36.88749036662276,8,2,0,1,1,Horror,0
7f98fe6c-d7ca-44d7-9a4c-971cee0acd7c,13,Premium,9.99,61.30536390685107,25,5,1,0,0,Drama,0
f940867f-cf1e-48e6-94cb-90cee1c9abe8,9,Basic,9.99,45.223942625395566,19,4,1,0,1,Comedy,0
cee01d26-c118-4988-9b81-d1fa31cc27e8,3,Basic,13.99,77.79832665130337,7,3,0,0,1,Comedy,0
7b774161-76da-4bdf-b2e7-4b4f82eeca8d,7,Standard,17.99,23.333176709871346,9,5,0,0,1,Action,0
9d84dd24-6ecc-4941-8482-54ac52668752,6,Standard,13.99,59.4383226881404,18,2,0,0,1,Romance,0
9b8325ed-70a4-447a-b9c7-eeca786dbcdb,8,Basic,17.99,66.70477374139897,2,5,1,0,1,Romance,0
0044d43b-6eb1-4917-af83-c84664795734,9,Basic,9.99,41.05015730052451,23,1,0,1,1,Romance,0
56f167af-319f-41c4-8c64-5ba910a78ea5,5,Standard,13.99,47.47619935556867,4,2,1,0,0,Documentary,0
3bbcbee5-f443-4024-a9f5-17d184e28fd4,1,Standard,13.99,60.30757962744212,2,1,0,0,0,Comedy,0
fd0e7f1f-9001-48fa-a4b3-78aa25a78297,19,Basic,9.99,79.10192758882953,25,2,1,0,1,Action,0
b9f37361-543c-4360-aff3-0b04f42eaefc,10,Basic,9.99,39.342615428258924,26,5,1,0,0,Horror,0
d0c1b147-66a6-4103-9439-29392a6e41a7,12,Basic,9.99,42.83100119250628,15,4,1,3,1,Romance,1
fa966f35-61e1-407b-a2d3-bd33c168a0c1,24,Standard,13.99,82.51175542080688,16,3,0,0,1,Horror,0
917655d0-8ad3-4eea-8308-a67dcb35d38e,15,Basic,17.99,54.5404920016033,14,1,0,0,1,Horror,0
c6fb0150-833f-4577-bbb9-eac20b5bfb8d,22,Basic,13.99,44.44921920310045,2,5,0,0,1,Drama,0
08394845-a971-4933-8933-c8de30e13149,24,Standard,17.99,74.57369594433831,11,4,0,0,0,Documentary,0
435a0a56-0b6b-421d-ab89-982a59ea1dd9,9,Basic,13.99,50.23606005535506,8,5,0,1,0,Action,0
f972ae90-9931-4c1c-bb6e-a90e2507b5d2,20,Standard,13.99,80.54843070677548,20,1,0,1,1,Documentary,0
0f64de8d-fa4a-4fa2-804e-314e51787b80,17,Basic,9.99,46.72559246040576,11,3,0,2,1,Drama,0
93b8be00-2c4f-4ba3-9319-839df6c75e1a,17,Basic,17.99,56.80810876350008,25,5,0,1,1,Action,0
d0c9546e-4c78-4e6c-b022-c82c9a2574bd,20,Basic,13.99,78.89943330777463,14,2,0,3,1,Action,1
996a8e3b-7211-421d-acc4-4a805b254840,12,Standard,13.99,55.47478257652497,1,4,0,1,0,Comedy,0
cdba6a78-89d8-49ba-bb55-becd2eb41c60,7,Premium,9.99,75.12106644157294,22,5,1,0,1,Documentary,0
daebff42-b247-47a0-9d23-f7bb6e3c9d41,2,Premium,9.99,58.6890478643799,17,4,0,1,1,Documentary,1
9da1cc82-539c-4529-9506-616f4dd3ae3f,3,Basic,17.99,99.63383612800058,19,2,0,0,0,Comedy,1
a35b7f14-a6fa-45c0-9efa-9eee60c1e019,17,Standard,13.99,91.37557208205698,11,3,0,0,1,Horror,0
0aa96b05-e9af-4c10-9a96-09ad87e3c94c,5,Basic,17.99,33.43807475132504,22,3,1,0,1,Drama,1
9affbba7-4ca7-4211-b6ff-4731598ce84a,17,Basic,13.99,70.4448736249602,3,2,0,0,1,Documentary,0
2137a769-1744-4a76-b9bf-d3b01776a059,24,Premium,17.99,43.67192027797917,22,4,0,0,0,Comedy,0
c82a9782-adc7-4a7d-810b-482ecbb508a4,17,Basic,9.99,63.830138775854614,15,5,0,0,1,Action,0
fb3f72da-0e77-44ef-959a-4d51b494dce6,17,Basic,13.99,61.36741258620522,22,2,0,0,0,Romance,0
01b2c54a-4134-4e85-b7b3-7b93c009ecb5,2,Basic,17.99,38.89225965815025,15,1,0,0,0,Comedy,1
ad3cec83-fc73-4cdb-ae6f-65d5c9e62abd,2,Basic,9.99,81.1696908706065,0,4,1,2,1,Romance,0
c12d840c-10d8-48f3-a3e1-aa83d7b976a0,22,Basic,9.99,64.0660588713815,21,3,1,2,1,Horror,0
19b454fa-e0d7-4d0c-a8cf-71dbf0e80df6,23,Standard,17.99,54.30633928654833,24,2,0,1,1,Drama,0
b01b3048-66e2-4784-9751-c43379ca747c,5,Standard,13.99,51.23780351512811,1,3,0,0,1,Romance,0
cf6a3258-eddf-4f74-bb04-aa6fd97a568c,1,Premium,13.99,62.79553939532471,29,4,0,0,0,Horror,1
9b0d8b85-2aa5-40b1-bddb-e329984b1e75,1,Premium,9.99,68.1585003502857,2,3,0,1,1,Romance,0
28bd2729-b3e6-4bfd-9d4f-f7b0a918e501,19,Basic,13.99,57.500484272834676,25,2,0,1,0,Action,0
43c58ece-26d3-4eb6-8e9c-54d5d8f8c2b8,2,Basic,13.99,5.0,20,4,0,0,0,Action,1
5e056d2c-3058-43e7-9ffe-6eef7022d7ee,21,Basic,13.99,60.337814324849674,24,1,1,0,1,Action,0
d67dea79-f0ae-4a0c-8325-d920b462e419,12,Standard,9.99,31.17035876780445,19,2,1,0,1,Action,0
9465f3ed-d4db-4410-9893-a228a0de11ce,6,Basic,17.99,55.81094868701849,16,5,0,0,0,Comedy,0
136820d9-d8de-42e0-a84c-40b602c6ca23,23,Standard,13.99,31.908714858607166,19,2,0,0,1,Action,0
4ade2433-e93d-4f9a-9473-b60e1e99567a,4,Standard,9.99,31.67004729841065,21,4,0,2,0,Action,1
1c67bbbc-3b56-4e39-8923-8f031f65aec4,23,Standard,9.99,84.70243643897057,20,2,0,1,0,Comedy,0
953c3861-a354-4960-984d-97f62e7a8b1c,11,Standard,17.99,53.598160381112194,29,1,0,0,1,Action,0
0153bbf2-09e2-4e25-b3e5-cc7d50a8b749,24,Basic,13.99,52.066756803561645,28,1,0,0,0,Horror,0
ec6097d1-e45a-45ac-af9c-12256f309725,17,Premium,13.99,69.65048097657183,0,5,1,0,1,Horror,0
8ea6567d-14aa-42c2-a90a-65f0e2c3b592,6,Standard,17.99,52.588189538550964,19,3,1,0,0,Documentary,0
91cbac6c-2c7e-410a-ac44-8cc1c16c68ea,24,Basic,17.99,102.07612184254819,5,4,0,0,1,Horror,0
841abf87-dedb-4a92-bd7d-23379ed815fb,5,Premium,9.99,54.53960478547961,28,4,0,1,0,Drama,1
3ccb461b-5c2b-4b47-966c-16211d3803d4,20,Standard,9.99,67.30250823966021,14,3,0,0,0,Drama,0
436e8af7-35fa-4c84-8d60-629fb2b99810,2,Premium,17.99,79.41882662753721,25,1,0,0,1,Drama,1
c9032dc7-9c60-42be-850f-d490ba64084e,6,Standard,13.99,92.0450645121382,25,1,0,0,1,Comedy,0
fa24168f-bd54-4950-b82d-6723fb09eb2e,22,Standard,9.99,45.1598772868472,13,2,0,0,0,Horror,0
17ae8648-e30a-499d-a65d-f4e30b81a10e,11,Basic,9.99,51.640729923227106,19,5,0,1,1,Drama,0
6e614f03-bb8e-4610-a350-1b559b9c4058,16,Basic,13.99,85.4918375058703,14,5,0,1,1,Documentary,0
686010e7-ce1b-42c7-a99e-c001e9bd38d2,16,Standard,9.99,76.20124608105382,13,5,1,0,1,Comedy,0
4b0a81fe-7a64-4cf3-a8cf-50a85f20c6cb,1,Standard,13.99,81.50351871336917,24,2,0,1,1,Documentary,1
91b128eb-2c3b-406a-95b0-aae3b482f24a,9,Basic,13.99,32.62590912880663,20,5,0,0,0,Horror,0
350d4816-f77b-446b-ac5f-8813e1e7e417,6,Basic,13.99,90.95999507848038,23,3,0,0,1,Action,0
4faa8ebe-19e5-4cb8-8dbc-06e23b36b115,16,Premium,17.99,44.7718491343039,24,2,0,0,1,Documentary,0
dbb2f0b6-90a1-478d-af67-719da257ed3b,3,Premium,17.99,63.845859562837916,25,3,0,0,1,Action,1
1ed3d122-3777-43cf-932c-835192d34042,20,Standard,17.99,57.03554244816459,4,2,1,0,1,Comedy,0
3baba761-0781-440d-8bce-6f99f5eeabfa,4,Basic,13.99,42.4303432690386,5,5,1,2,1,Documentary,0
ca10630a-552e-475b-b97d-e26f938efb14,19,Basic,13.99,31.74928473157994,16,3,0,0,1,Documentary,0
304812da-2d50-4b5e-8296-92e2bb6bf8bd,3,Basic,17.99,25.123037667342047,10,3,0,1,1,Romance,1
2be4cd5c-13c5-4c73-89a2-11b882cfd059,19,Premium,9.99,62.38036812107949,15,3,0,2,1,Comedy,0
271e0621-9394-42d7-a46c-570204df6696,20,Basic,13.99,29.493618195330885,11,2,0,0,0,Comedy,1
4de131a3-9912-44e6-b6f1-118d9d8a8150,7,Standard,9.99,37.32368809826234,14,4,1,1,1,Drama,0
4df7d33c-7a08-4880-845e-9ccbd5df53c4,20,Basic,9.99,55.6392824360356,22,5,0,1,0,Horror,0
9e1a0e16-8eac-44d9-b5ae-456e47afa496,9,Standard,13.99,7.223829994802003,3,3,0,0,1,Documentary,0
901bd8ef-e121-4a79-8a83-ec8fcf664918,1,Standard,13.99,75.57959424088003,26,4,0,0,1,Documentary,1
0bb5d7f0-beee-4018-abba-91270c478463,8,Premium,9.99,11.802236657863844,17,5,0,1,1,Comedy,1
516ce1eb-2012-48ba-a273-a998fa529732,7,Basic,9.99,58.45255217334454,20,5,1,0,1,Comedy,0
5f6e595b-45c4-4406-8337-0265ad973102,18,Basic,17.99,60.30038453188579,27,3,0,2,0,Horror,0
a9c056e6-b795-4bef-8b17-cd3f7f407462,8,Basic,17.99,70.76123440363618,2,3,1,0,0,Comedy,0
ac696381-5593-4886-af81-b5026b3d946f,1,Premium,13.99,59.166383952202125,21,2,0,2,1,Action,1
0dde4436-6cd0-402d-b50b-bacb72c6d8a8,11,Premium,17.99,100.35815927666476,7,4,1,1,0,Action,0
7e736925-828c-4637-a4b6-f2e32d4b6596,18,Standard,17.99,64.32633763137001,22,4,0,1,1,Romance,0
6e1ff2db-ee3c-4b72-b13d-538ea7b63222,23,Standard,17.99,81.0722479848732,2,3,0,0,1,Action,0
c6c4fd3a-c64c-4aa8-b657-81808de0a7b7,10,Standard,17.99,45.530743822594246,7,5,1,0,1,Action,0
97b02ca2-b65e-426e-a76f-03ef668bbb87,3,Basic,9.99,62.41513612378935,17,3,0,1,1,Horror,1
3ff5ea62-1832-4d44-896c-203e732bca92,7,Premium,13.99,90.95140190057853,9,5,0,0,1,Documentary,0
dec411be-23e5-4300-a8c1-51d71dabefcc,16,Standard,17.99,55.246097506207185,24,5,0,0,1,Action,0
0e60b382-665d-4525-8c55-b978259aad21,16,Basic,9.99,63.84469528390462,19,3,1,1,1,Romance,0
931425a7-c35b-4497-8f69-6380d0d52ae1,20,Standard,9.99,79.6170689827495,16,1,0,1,1,Comedy,0
85422b3f-6b11-403d-9d2b-9d641d785317,17,Basic,9.99,45.15540959616731,7,4,1,1,1,Action,0
e78c2d6d-53f6-4fc7-bb43-e6fc23db8fe5,2,Basic,17.99,16.76879333361613,22,5,0,0,0,Romance,1
587cf9ec-5077-4a46-b247-3085d1bae766,1,Standard,17.99,65.11147307424739,10,5,0,0,0,Horror,0
158e48f5-82fc-4e79-b04b-6cfa0bb51848,16,Basic,13.99,79.77338338716005,28,1,1,1,1,Comedy,0
bc5f9ada-3bcd-4e72-876f-1c1a58269478,12,Standard,17.99,32.971084702160574,4,2,0,2,1,Romance,0
8e2f66c8-fd06-4f31-8257-96a1844c7cfa,5,Basic,17.99,73.40439794554678,25,1,1,1,1,Action,1
968cdd20-387c-4ac6-988f-6ac0671cfb2d,5,Basic,9.99,73.53932774679075,12,1,1,1,1,Documentary,1
4e4f5f90-2dfc-4a8f-9fb4-b92e852e8eae,23,Basic,13.99,14.530074817693915,20,5,0,1,1,Comedy,1
cc9d5299-b589-4add-a62e-cc420c47b84a,9,Basic,17.99,41.27422735186455,22,4,0,1,1,Comedy,0
0cb65aa4-ff2a-462f-8f9f-7fbc5486553d,9,Standard,17.99,52.083424385366754,4,1,0,0,1,Documentary,0
345c975e-fcf7-4e9a-87da-079d586dde9e,3,Basic,9.99,56.40751999529526,23,2,1,0,1,Comedy,1
6b1b05c2-4132-4cf3-bcd3-ee0bd6dafaa0,19,Standard,9.99,45.137314704640325,26,3,1,1,1,Action,0
d8eb7f75-8b3f-429a-9bf7-8506b7f12b90,16,Standard,17.99,44.05994392835636,12,1,0,1,1,Comedy,0
1f0f00b7-be7e-4f17-8873-dd444bb7ed19,16,Standard,13.99,93.42965782364185,5,1,0,0,1,Action,0
95407c5e-6174-4a42-bf53-3ae925f936a5,3,Premium,13.99,57.84881736282183,28,2,0,1,0,Documentary,1
23470a38-bf1f-4587-ae99-51af78d8881f,20,Standard,9.99,46.09912679700521,4,4,1,2,1,Drama,0
c9a080f1-1db8-4d62-a02c-c4c6ac784bf0,24,Basic,9.99,59.176610461749,8,1,0,0,0,Documentary,0
2497b8a6-6095-4ef6-98f1-a668febb636c,22,Basic,17.99,70.74181666122287,26,1,0,0,1,Action,0
5d23fea9-1562-4684-a53e-4547af0a6406,24,Basic,9.99,61.03252753422416,15,4,0,0,1,Horror,0
2f117178-20a1-4798-a486-53775af1ed29,1,Standard,17.99,55.88544818344054,1,2,1,1,1,Documentary,0
797c2d4a-97af-4106-ab86-2520098060fd,24,Basic,13.99,46.99966662659094,0,1,0,0,1,Horror,0
af4e3b2a-a785-4791-b25b-9ccb2f934e66,20,Standard,13.99,46.75738309064802,7,4,0,0,1,Horror,0
ef8a7701-c9a9-4b0b-9d01-4e212cb98a6c,11,Standard,17.99,48.04383227029281,27,1,0,0,1,Action,0
b29e65fd-e148-4b6f-9e61-fea60ae0add2,17,Basic,9.99,66.77629201621474,18,3,0,0,0,Action,0
90820c2c-d155-459f-9aa6-2ac60518a0cf,8,Standard,13.99,40.116398151964255,29,5,1,2,1,Drama,0
08fc943d-6149-4f87-89bc-9118ec9bed39,4,Basic,9.99,67.86538446940443,10,3,1,1,0,Romance,0
8e69b49d-9291-4cd4-aec6-3cc9ce900b76,6,Basic,13.99,88.2598951125366,27,1,0,1,0,Comedy,0
da75011e-b848-4cab-b9ce-1bee0d97a48c,8,Standard,17.99,66.51414715626399,11,2,0,0,1,Documentary,0
72b13f45-a6fa-4977-8a67-1766def2e6a9,20,Standard,17.99,52.60828942165726,11,5,0,0,1,Action,0
081eaa6e-c629-48ba-99fc-95c93b5c9c1a,3,Standard,17.99,34.03746229890739,6,3,0,0,1,Documentary,0
04eb0d26-ec2c-4630-baab-a5989363b42d,16,Standard,13.99,91.56213615823029,25,4,1,1,1,Romance,0
d1b154b3-3f29-4551-a2dc-e2c922726ee2,3,Basic,9.99,36.59964698802175,12,2,0,1,1,Romance,1
7001df10-c80f-4f1d-959a-a353e5a748e0,18,Premium,9.99,76.97124068951496,26,3,0,0,0,Horror,0
55e8e526-3095-4a29-9b53-66c2401a9196,14,Standard,9.99,72.77035721188972,7,4,0,1,1,Comedy,0
56895ebb-bbec-462d-86f8-881904314882,18,Standard,13.99,55.26462794071881,28,1,0,0,1,Drama,0
9fb6d598-191f-41c8-8d15-f3e8b1075ea1,2,Basic,13.99,54.74042392438644,28,4,0,0,1,Documentary,1
15d6e764-b9fd-46b4-bc5b-11e6813cfc45,22,Standard,13.99,23.28577451917959,21,3,0,1,0,Comedy,1
31c7a9ac-1a99-4e9a-af58-78e05cebcaa3,3,Basic,13.99,66.60130001625242,27,3,0,0,0,Drama,1
f8dd2ee4-b7da-45ac-b9eb-d87cbd47f15f,16,Basic,13.99,72.3985266479161,25,1,1,2,1,Documentary,0
1a9d8182-0bc3-4306-9c41-e74df340e8f6,9,Premium,9.99,38.21839767704391,29,4,0,1,1,Comedy,0
5a48d939-ba93-43af-9839-9a67cb68e63a,4,Basic,13.99,56.88357051341794,8,4,0,1,0,Action,0
9bdd36c1-1db3-44c3-9574-8d7ccafdf041,1,Premium,13.99,60.757238300179004,6,1,1,0,0,Documentary,0
f7f1fa8c-a65b-4283-93b0-c64e87a2f036,4,Standard,9.99,71.69145255899136,25,4,0,2,1,Comedy,1
88c4c286-d0d1-459d-9c4f-abcd70324514,1,Basic,13.99,60.076061522463746,20,1,1,0,1,Romance,1
78f64df8-9024-40bd-bc84-0f038b1255b1,14,Standard,9.99,27.473612920768318,23,2,0,0,1,Drama,1
dbb06e39-a6e7-4d71-919e-4dfb7d42cb92,21,Premium,9.99,49.40124461075021,14,3,0,0,1,Comedy,0
f3144be6-f6d6-4ab0-8300-d59194d6e984,16,Standard,17.99,64.49251570778038,1,2,0,0,1,Action,0
73c1f4ba-53fd-4a15-bec1-38a479fd92f5,20,Premium,17.99,76.83056684079519,22,5,0,0,1,Documentary,0
18c70c30-f714-4db0-8b7b-786445c7bcc4,24,Standard,17.99,47.64726781211506,19,5,0,0,0,Documentary,0
cf0c192c-5b54-42e0-8e1d-224c86cd795e,8,Standard,17.99,103.75299749100039,24,5,1,0,1,Documentary,0
10ab000c-84f4-49b3-a864-6d9603893f87,7,Premium,13.99,22.11053862326071,11,1,0,0,1,Action,1
a721a8ef-e290-429e-af86-9e10bd34367f,3,Basic,17.99,48.72599649884198,0,4,0,1,0,Drama,0
b1ed05ac-5630-42df-a22b-263623188461,17,Standard,9.99,58.339327930144535,22,2,0,2,1,Documentary,0
8b417741-f3c9-4271-b130-ae5328f6e60f,1,Basic,13.99,55.98501672894272,21,2,0,2,1,Drama,1
fe038070-9dbd-43dc-b1e0-b267eaa9f030,16,Premium,17.99,35.35715340370335,7,2,0,1,1,Comedy,0
baf0c9b4-0c46-4d69-8c52-0b8da5dd66c2,12,Premium,9.99,68.95723495503587,4,2,0,0,1,Romance,0
52019782-dc4b-4532-a18d-ffdb3ce2de95,19,Basic,13.99,67.42188102627844,14,5,1,0,1,Romance,0
3a995a0b-d88e-428b-a99a-3869355ff198,22,Standard,13.99,60.95922891963093,0,2,1,2,1,Drama,0
104e0b85-184f-4f0d-be7b-4ac288d322d7,23,Premium,17.99,66.63687726517031,0,4,0,0,1,Drama,0
99563ce6-0eb5-4785-bc99-b4eae6f7643d,22,Basic,13.99,51.52447177103939,24,5,0,1,1,Romance,0
bcd5baa3-1a01-42e1-bcb9-c8aa213ad633,14,Standard,9.99,27.652740997828644,9,2,1,1,0,Documentary,0
03007425-2e6d-47a6-a6ef-6b05be4f538d,6,Premium,13.99,45.66720259895511,21,1,1,1,1,Horror,0
b1d0dd9d-f083-48c6-ad31-7f20dc2515ed,6,Basic,9.99,63.141091628188825,9,3,0,1,1,Horror,0
d3534220-e72d-4fa9-996d-8c47c631bed6,13,Standard,13.99,63.254888296927916,20,3,1,1,1,Action,0
89528593-cec7-419c-99a3-c06f6df7d8d1,19,Basic,17.99,60.827581051716955,14,3,0,0,1,Romance,0
78c7ffb3-584a-4ede-96ec-a4a22c242bb9,22,Premium,9.99,70.97416535970063,16,5,1,1,1,Romance,0
6daf6ac6-bdf4-48e0-bc79-e07c44304ed0,8,Premium,13.99,48.37707909099967,21,2,0,0,1,Action,0
5e8d4b03-1fd0-4817-a73a-1935daf79d1f,2,Premium,13.99,60.53362114221072,5,5,0,0,1,Horror,0
a0498333-0500-4b48-8256-95f8892b073b,21,Standard,13.99,71.44185556809843,2,4,1,1,0,Comedy,0
3e37a174-82af-497a-8e0a-8607da0f0a86,1,Premium,9.99,58.302203629952935,12,1,0,0,1,Documentary,1
ee797cde-0c97-43d7-bcb9-9ac192cf6ce6,15,Premium,9.99,35.13352143187802,15,1,0,0,1,Documentary,0
c1b46a28-25c3-47e9-81a1-110357c5eeb7,1,Basic,9.99,40.77023260688925,7,3,0,1,1,Comedy,0
d356b55b-fba6-4062-9b3d-017653eed87d,5,Premium,17.99,76.61704648558734,29,3,1,0,0,Comedy,1
08d5f162-db67-41cf-bb84-0404da8ce3ba,16,Basic,17.99,87.84944325885145,14,3,1,0,1,Horror,0
f6ca9630-5e52-41cb-8ca9-0064936ef995,19,Standard,9.99,83.50566215648098,16,2,1,1,0,Action,0
208c4889-fa1f-4aaf-8fd0-eb7065bdb876,4,Basic,13.99,64.6431189948407,16,4,0,0,1,Comedy,1
2684d343-beaf-4d92-b91f-626d6fd0433d,3,Basic,17.99,35.93734795966614,21,4,1,0,1,Action,1
28415ba9-5f6e-41e0-8df9-256ecfa11823,17,Basic,9.99,59.87296886454263,25,4,0,1,0,Drama,0
de19de5a-a9af-4415-b775-fc13821e24a6,17,Standard,13.99,91.24510263900844,12,4,0,2,1,Documentary,0
938f124d-fb9f-4d7f-bf18-9272d04ae6a8,12,Basic,17.99,72.36976760912951,16,3,1,1,1,Horror,0
2b75fe7c-50e6-44e2-b455-37a0535e83a3,14,Standard,13.99,55.85044954632255,5,1,0,0,1,Documentary,0
7147976a-5c17-43c6-84f3-7b59aa6f506b,21,Basic,13.99,72.57250465682432,16,3,0,0,1,Horror,0
db6139bb-ec78-4ceb-a4f5-d57d89594a37,6,Basic,13.99,34.612095867687906,15,4,0,0,0,Drama,0
8088cada-943f-47ed-a568-795dad91ddd5,3,Standard,13.99,46.08657244303596,13,3,0,1,1,Documentary,1
2a28d45f-00f5-4fb7-8fa3-8dbb298d2bd3,9,Standard,17.99,38.316172179553504,12,4,1,1,0,Drama,0
d91033af-4599-4be9-85eb-fdd2aec2e5ac,5,Basic,17.99,69.39143636696865,5,5,0,0,1,Horror,0
286fb6b2-a79b-4a25-a907-62a08d4ee50b,24,Standard,17.99,74.28206999440185,2,1,1,1,1,Comedy,0
7875dc79-1364-4c32-bf9f-d684acccf225,17,Premium,9.99,56.923479456032666,13,5,0,1,0,Documentary,0
359006a0-c257-402d-a653-99362c7caa73,14,Standard,17.99,42.54140646520868,13,2,0,0,1,Drama,0
a969f16c-1391-4ecd-95be-de344c533cf0,21,Basic,13.99,59.60501812930745,14,3,0,1,0,Romance,0
57e9fbda-be75-4383-bccd-78908e4272c3,3,Basic,17.99,50.26840218652385,7,2,1,0,1,Documentary,0
5b831f2c-ffe5-4955-bcf6-6b7a4abd5fb1,1,Premium,13.99,44.0765859061251,28,3,0,2,0,Documentary,1
07e9dced-f72c-42cb-bc1f-2ca6f74feee9,20,Basic,9.99,66.77987370618493,14,5,1,1,1,Documentary,0
3c02de8a-bc9b-4656-bc6f-7c6f88801478,21,Premium,13.99,44.84015554962653,21,4,0,0,0,Action,0
0eab8af0-e277-451e-8415-eb8dd70efc38,23,Standard,13.99,28.67300534071815,28,4,0,0,1,Drama,1
9162c3bc-020c-4adc-b72d-010d0fe08470,1,Premium,13.99,33.11771059273626,26,3,0,1,1,Drama,1
69a063ec-5a3a-4a70-a20a-e76773d69ace,3,Standard,9.99,27.934790663681007,12,4,1,0,0,Documentary,1
f7e7d726-ff5a-47f0-b276-c559f6b8c9b8,18,Premium,17.99,64.95023833152409,16,5,1,0,1,Comedy,0
5c66f015-b6c5-4ecd-9fd3-762b047e80e5,10,Basic,17.99,63.00810876352328,20,4,0,0,1,Documentary,0
e4ed8808-45d1-4d17-9bfb-8a8fa133a958,22,Standard,9.99,62.01040189016324,23,5,0,2,1,Action,0
df97b0b7-0ec4-44a9-ae86-f762aaa318d1,3,Standard,13.99,71.75463304959885,2,2,0,0,1,Horror,0
e40f8427-a386-458e-8753-02427408d0dd,8,Standard,17.99,83.83917712234233,27,5,1,1,1,Action,0
e6e0c18e-161f-41d9-a410-2b1066cc4892,14,Standard,9.99,48.15466938349769,5,1,0,1,0,Comedy,0
c1a4b80a-9945-4b9c-8310-e5dfee669ab2,24,Premium,17.99,68.12954954476837,4,1,1,0,0,Documentary,0
a4a6f426-728c-44a8-a0fa-bc150b858b6b,18,Premium,9.99,28.407689851882463,21,1,1,0,1,Drama,1
a92264c6-09bd-4a04-9df7-eb4d09ee6667,15,Standard,13.99,87.57419492526701,25,3,0,2,1,Romance,0
37bc6949-0b86-4a44-95a9-f6946dfd1f4c,22,Standard,17.99,35.10337523563686,16,3,1,0,1,Documentary,0
aeee2efa-5ca1-4498-85fa-4fb89a76062b,23,Standard,9.99,45.79837761919125,22,3,0,1,0,Comedy,0
221455ab-7b8f-4e9b-979a-4c64e2efe5c2,2,Standard,17.99,48.04580972533815,24,5,0,0,1,Drama,1
9d378bc3-9a07-4c6c-9501-ed89523c43ce,10,Basic,17.99,29.474580065555756,1,3,0,0,1,Action,0
079b5ffc-de76-4476-99da-dcaf1ed85eaf,2,Basic,17.99,60.651511548171236,25,2,0,0,0,Horror,1
7b2b59d8-adef-464a-9c98-5977bdf5ad70,17,Basic,17.99,64.27807736402963,14,1,1,0,1,Horror,0
f6f88894-922e-49c1-99e5-2fabaa18525f,8,Basic,9.99,56.211726580369,4,5,0,0,1,Documentary,0
60b28422-d0b9-403e-9361-7f8e81ee51a6,1,Basic,13.99,29.195047359378464,25,1,0,0,1,Action,1
3a68f241-a9d3-4c87-9a9e-aadc7c2279fc,9,Basic,9.99,99.66772469703423,19,3,0,0,1,Romance,0
71faca83-c3ab-4e66-b2b6-3b949488893c,11,Basic,9.99,70.98461593003296,5,5,0,0,1,Romance,0
a7b97982-2b64-464e-92e1-87049325f364,22,Basic,9.99,112.68444087299918,5,4,0,0,1,Comedy,0
cec76fb7-60b4-4718-9153-968869d29ea9,16,Premium,13.99,43.89781520227415,26,2,0,1,0,Horror,0
82502a16-1b02-43aa-927a-3da0f1d16122,7,Standard,17.99,79.15764456353953,17,3,0,1,1,Action,0
e74e450d-58c0-4d90-b075-af69628dd2fb,10,Basic,17.99,75.58547774788327,17,3,1,1,0,Documentary,0
5369f5e0-932b-4ba3-9dbb-de6a7a2fc1ca,23,Standard,17.99,54.188497938052755,3,2,1,1,1,Drama,0
48e4e16b-3f46-4c00-abde-d4a7f7f57790,3,Basic,13.99,88.22101802118448,16,2,0,1,1,Documentary,1
6822036b-5132-4e84-b22b-e71533bf03df,18,Premium,17.99,51.89179984772443,24,4,1,1,1,Documentary,0
56f9c322-a661-48ff-bc4f-e2cca7eaef45,24,Standard,13.99,52.782171611507856,13,3,0,0,0,Action,0
4e90084a-6492-4c95-af2f-8c0efe2b94cb,13,Basic,17.99,5.0,13,3,0,0,1,Horror,1
78f4ae26-789a-4ec3-a4a6-1ed1cf491a76,7,Standard,17.99,68.18056107485275,12,1,0,2,1,Action,0
f5a0a835-c268-46dc-b1a5-d01152a910d5,4,Premium,9.99,33.489801766351874,6,5,0,0,1,Drama,0
8be93bc0-2a51-494a-9d52-6b5af72801a8,13,Premium,13.99,48.98557608608978,11,5,0,0,1,Action,0
aae61188-6698-4129-b4d2-5a560da5f14c,20,Standard,9.99,39.47560722509945,22,1,1,1,1,Comedy,0
3689f357-0e42-40bd-b7ac-bafac82c7079,1,Standard,9.99,52.67536921363477,14,5,0,1,1,Documentary,1
b08c7a3a-ba30-4338-99bf-3c5929735b3f,8,Basic,9.99,68.87760460434872,18,2,1,1,1,Horror,0
383920ec-40e7-4c16-b233-ca4133898b8e,14,Premium,13.99,60.22283126097515,10,5,0,0,1,Romance,0
aa30ec0c-7f20-41a9-af52-9c7504853ba1,16,Basic,13.99,74.19282581011615,14,5,1,0,1,Drama,0
5426d9b0-ff0c-446d-9a76-8f12372237d7,14,Premium,17.99,85.31259071171263,11,1,0,1,0,Romance,0
d14ae280-94b7-489a-be75-34aeb571e954,12,Standard,9.99,52.62408126644329,2,4,0,0,0,Documentary,0
c7e523b6-f098-4fd7-9ad8-c50425504d30,19,Standard,17.99,50.428655159677724,16,5,0,0,1,Action,0
921e9d2a-cbf3-4b89-8298-bab69fea3aef,23,Standard,9.99,79.1545530732402,2,5,0,0,1,Romance,0
aa460ff8-4001-4ad2-8c78-fc5c5bf2e24c,15,Basic,13.99,80.74094577479859,18,4,0,1,1,Comedy,0
42dd1206-ee44-404e-b0d1-246f1c023274,2,Basic,13.99,74.81181736206094,19,1,1,0,1,Action,1
5064901f-743a-420d-9714-41b137d23f13,2,Basic,13.99,40.95642386521301,3,4,0,0,1,Documentary,0
1c840bb1-b63b-47be-bc0d-32d847346c88,23,Basic,9.99,68.45310131003208,2,1,1,1,1,Romance,0
6b929e88-9e20-4a20-82ee-872094094586,22,Standard,13.99,62.18941208094578,25,2,0,2,1,Drama,0
a12b0608-9278-4bf2-a434-4493b423114d,19,Basic,9.99,81.05057882699327,15,1,1,0,1,Romance,0
b2dc4152-b9dd-4406-80e0-5b6d7e0033aa,22,Basic,17.99,48.54255820924503,11,2,0,1,1,Romance,0
142d2877-3fff-4f92-8adb-1d26b8239376,22,Premium,9.99,26.66779417700168,7,2,0,0,1,Horror,0
6ddfdbc3-c280-45e6-99fd-f5424e1e3858,17,Premium,17.99,73.80473600760544,23,1,1,0,1,Romance,0
318d1b7c-ab23-4173-8aaa-86f25b242a63,20,Premium,9.99,8.832632334857955,28,3,0,0,0,Documentary,1
3124127c-3a86-4361-94ac-9db035c8f955,10,Premium,17.99,45.3697319220734,28,1,0,2,1,Drama,0
e1e0622c-0591-4afd-9f21-8a6701666879,6,Basic,13.99,39.53608977363411,16,5,0,0,0,Documentary,0
39a6bedf-3bc6-4701-9e37-15b39c240641,15,Basic,17.99,39.401306581885066,6,5,0,0,1,Comedy,0
926dc07b-0a3a-4581-8c64-8e7d2564642e,22,Standard,13.99,45.019370580898084,10,3,0,0,0,Action,0
a9c952d6-93a7-4ddd-9cf6-c902052d53d9,11,Standard,13.99,84.3474713950326,17,2,1,0,1,Romance,0
74c046d8-8e5a-4634-8218-3234cc8a1f96,5,Basic,17.99,76.41110838012746,0,3,0,1,1,Horror,0
d81b74ba-9e9b-4ce5-b8de-437543113b12,1,Premium,9.99,54.9653863601499,2,5,0,1,1,Drama,0
9ab4c874-d324-47d2-bebd-00191ff0ef07,8,Basic,9.99,82.67246943718098,3,3,0,0,1,Horror,0
228793d1-faac-4196-85f0-206027ac09d0,21,Basic,9.99,38.75405689667252,12,1,0,0,1,Horror,0
0fb296dc-4608-490f-84f0-992aa11ab5e9,12,Standard,9.99,36.034332285056834,5,3,0,0,1,Horror,0
a96dce00-c2b7-4971-88e1-443db19c2db2,12,Standard,9.99,77.27193318493181,25,2,1,0,1,Romance,0
8daa2310-3e6f-4986-aefc-1074c2f78821,5,Standard,13.99,71.59286458645295,13,1,0,1,1,Drama,1
f55e344d-0cc0-484d-b79d-aa130b9d9087,7,Basic,9.99,50.79473196833354,4,4,1,2,1,Drama,0
b299d398-c195-46e9-b934-06c9420d1338,4,Premium,13.99,37.290782126037385,15,5,0,0,1,Horror,1
04b7f98d-e6e6-439e-8f8b-bfd1aeeb94c2,6,Basic,13.99,89.1946375007588,14,5,0,0,0,Action,0
6576c695-d0a1-436e-b708-f6cc45ddaebf,13,Basic,13.99,25.597948981043636,14,3,0,1,1,Romance,1
9734795f-68c6-4d1f-b24c-48ce5ca6563f,20,Premium,17.99,48.03148129312879,29,1,0,1,1,Romance,0
9e31dffb-d85a-4b41-b300-e96f5e7d43fd,15,Premium,17.99,64.57153055035795,3,4,0,2,0,Documentary,0
e8118847-7d62-4bbb-8d06-33c2e993e10b,3,Premium,13.99,96.04329616862891,7,1,0,0,1,Romance,0
504a6f00-64b4-4d8e-b522-2bff8334e3f1,23,Premium,17.99,67.6620042414644,26,5,1,1,1,Horror,0
c79bfc94-ed02-4e91-8ca7-1e140c565c93,8,Standard,9.99,69.60609306026598,15,1,0,0,1,Comedy,0
ed44c172-8702-46fc-995a-8344473827eb,20,Standard,9.99,48.61232599703746,27,4,1,1,0,Horror,0
317cb6af-92f2-4f2c-8f81-9eee5b6a8ca4,16,Basic,13.99,71.36960450549196,15,3,0,0,1,Drama,0
977e207f-8841-4319-a64e-494c775d815f,13,Standard,9.99,62.10618641758174,29,2,1,1,0,Romance,0
17dda01e-dff4-475b-9651-a30ed9d80749,18,Basic,13.99,28.230709191648838,3,1,1,0,0,Romance,0
259a402a-0c26-48f8-a5fb-b6bdfd2cb21d,10,Basic,13.99,75.85869706986215,12,2,0,0,1,Documentary,0
51fcc640-4e3a-4be3-8c6a-b824fa2b9d55,19,Standard,9.99,79.40786779693703,25,5,1,1,1,Comedy,0
e5b6dcb1-fd53-4aab-9788-163966c15821,17,Standard,17.99,76.06730097642325,27,3,0,1,1,Romance,0
e978c408-dbf7-4c21-b64c-33214879eec2,24,Basic,9.99,60.66655851331604,12,3,1,0,0,Documentary,0
3391c4ad-20ed-482f-9f86-8777ab8b3b7f,19,Basic,9.99,40.876462337007055,1,1,0,0,1,Documentary,0
cbc9e8be-b2f5-4cf2-a068-0102b1231022,23,Standard,13.99,13.816325374302693,2,3,0,0,0,Comedy,0
40a5102c-4c44-4bbb-bca8-480b705416b5,5,Basic,13.99,63.141072108029014,21,1,1,0,1,Horror,1
9a66f0a2-b62c-418c-928b-b2b4796c4cdb,21,Premium,13.99,81.63884119481699,7,1,0,0,1,Horror,0
a5149982-e8a4-4cfa-b083-152290cfde1b,23,Standard,13.99,79.91064938166161,23,2,0,0,1,Horror,0
397f0f12-2111-4d62-9cb4-097f381368f3,9,Standard,17.99,76.32145686787696,14,3,1,0,0,Action,0
22ea8771-8fb1-49b4-8a6b-df0effd68af8,12,Standard,17.99,58.51578042901218,10,1,0,0,1,Horror,0
38f43f95-496d-494e-a9df-2c6417785b61,21,Premium,17.99,81.74928348062994,8,2,0,1,1,Comedy,0
e29547ef-4599-41e8-8833-e4bf88135c7c,1,Basic,13.99,78.48323647711806,6,4,0,0,0,Action,0
b18f6e62-2f5b-4c93-8c2d-6655337957e7,1,Standard,13.99,51.54732878556884,12,2,0,1,0,Horror,1
83008a55-a47b-44e5-950a-c432bb80c5a1,15,Standard,13.99,73.53196033231694,1,2,1,1,1,Action,0
ebe24510-1f21-447e-936d-2dabc7a65360,2,Basic,17.99,49.280817091814164,7,1,0,0,1,Comedy,0
6e83d0a1-720d-47e9-bf98-858fe6d46c6b,22,Premium,13.99,70.80048463233844,6,5,0,1,1,Horror,0
d559ca0e-b966-40be-bf53-63b31eb9f0cd,16,Standard,9.99,34.01766711397866,23,5,0,1,1,Drama,0
92c5b480-cb6c-4fae-981a-690a3441998c,8,Standard,9.99,35.55576382654157,11,5,1,1,1,Romance,0
0e23fc20-f7ab-4a0b-b2e1-730834e6e71c,13,Premium,13.99,81.16414093887815,18,2,0,0,1,Comedy,0
87019659-06a2-46af-a30c-bf979ddc9af4,21,Premium,9.99,78.7512024440953,6,1,0,1,0,Documentary,0
86a23b9f-96e7-4ef3-be0f-caa16df6383f,1,Standard,9.99,72.67223081151663,9,3,1,1,0,Documentary,0
5b4c957d-67d3-457d-810a-d23d2ae3ca30,16,Premium,17.99,61.75937642105661,28,2,0,1,1,Comedy,0
486e728c-503d-4925-8770-6778b9d4c340,7,Standard,13.99,12.174511379517028,24,2,0,0,1,Documentary,1
7807bfbb-0912-4957-9199-7d20333286cc,5,Standard,13.99,58.502481235870206,15,1,0,2,1,Comedy,1
c08a9880-feb0-43ee-951b-4f61781ab2c4,22,Standard,17.99,69.08366334379676,2,4,0,0,1,Drama,0
c633b00c-86c1-4f2d-8e2d-aba0d1e1077b,23,Standard,9.99,49.30533504880817,29,2,0,0,1,Comedy,0
b79b927f-c683-4730-b397-2e54fb5b7dee,3,Basic,9.99,45.75011614383525,9,4,0,0,1,Horror,0
d84ad18d-4f89-43ec-8c75-7b7f73ea573e,12,Premium,13.99,88.88840776307383,5,4,1,0,0,Horror,0
14eb44fd-8e55-428a-be04-f58845bb5730,16,Premium,9.99,58.79422017216776,17,5,0,1,1,Action,0
1e1708a3-9382-424c-845a-d69278c60ead,19,Basic,17.99,69.09590339284762,17,1,1,2,1,Documentary,0
fba45154-8c1f-40bd-a920-3b4f57588a4d,5,Premium,17.99,75.4826292323873,4,4,0,0,0,Romance,0
1d33da5a-5342-4aec-a6b6-0c5eb368f0d5,22,Basic,13.99,39.971258469898444,20,1,1,0,1,Documentary,0
7afbd904-2d9a-48cc-a13e-4c8c0847679b,14,Basic,17.99,63.86414845428388,28,5,1,0,1,Comedy,0
a727d1ee-f13a-476b-8250-59ea00eb954a,5,Standard,17.99,86.39288988954598,6,1,0,1,0,Romance,0
7f75d795-191b-4ebc-87ab-62316823a1d4,15,Basic,13.99,96.38446366599442,27,2,0,1,0,Romance,0
d007622c-1558-4cd9-ba64-9d8d715c6036,17,Premium,17.99,60.79872794429381,1,4,0,0,1,Documentary,0
f603d79b-fbcb-4edb-b4fc-7f1c416a8b6e,14,Premium,17.99,55.24112905305851,10,1,1,0,1,Romance,0
7f211da9-548c-4467-9711-a01e06c6c375,20,Standard,17.99,65.38048136275067,29,3,1,0,1,Romance,0
f2dbc852-5063-4c0c-9ab1-268bf6322236,5,Basic,9.99,64.87274094055041,12,1,0,0,0,Horror,1
6a6e6893-ebe7-4088-b696-cec14fa57060,12,Basic,13.99,87.73516132262307,22,4,0,0,0,Drama,0
818a6c4f-d5cf-4355-8a60-9d08a7734c44,16,Standard,13.99,40.07216621665866,4,5,0,2,0,Comedy,0
bdb98c7b-bf2a-4c93-ab6f-f2088cde47d5,16,Premium,13.99,54.402538276679564,29,5,1,0,0,Documentary,0
87a7e1f7-43ef-4118-a52d-2d42e2ab9787,21,Standard,9.99,37.65717346246979,5,4,0,0,0,Horror,0
52fdac8b-ca61-44c9-a157-cc11f15fdc28,7,Basic,9.99,39.75810228404846,23,2,0,0,1,Action,0
a957e816-3720-41c4-b50b-cdd956aea9f0,4,Standard,13.99,67.53148030278248,25,2,0,0,1,Romance,1
f63cc423-d7d0-48a9-a4d9-b5aba6021e85,1,Standard,9.99,76.19715683274053,28,5,0,0,1,Romance,1
18d4cff5-1a72-4f2e-b86f-6aeca29103a4,5,Standard,13.99,47.0121661251251,13,5,1,0,0,Documentary,1
efcc8680-8dc3-4888-9f1c-f0bf3eeb546d,23,Basic,9.99,75.44189577950578,11,4,0,0,0,Drama,0
e3acb96a-5b9a-4ed0-926b-81e2c04af171,10,Standard,17.99,82.23157314263936,3,2,0,0,1,Drama,0
3e02a4a4-b07f-4fca-a712-2ee0f640a222,22,Standard,17.99,98.69411996866779,28,5,0,0,1,Documentary,0
d4c05107-3d26-420b-942e-6e993b5b3cdc,5,Premium,13.99,61.39493697682098,22,2,0,1,1,Documentary,1
66ac90cc-501a-41ed-872f-ec57fd3d3184,4,Basic,9.99,47.20470945111734,5,5,0,0,1,Horror,0
2015d658-9946-4207-985c-24ca82de9e27,2,Standard,9.99,39.9505613678821,9,1,1,0,1,Documentary,0
7acc2e18-96cf-49aa-afe2-59d8cc9c151e,20,Premium,17.99,37.96413604160213,17,3,1,2,1,Action,0
1873a5a9-2da7-42ab-8c1e-7102f9595bb5,10,Basic,17.99,84.99561402807214,14,1,0,0,1,Horror,0
18d150e7-9ea7-4307-994a-74382deb627c,19,Premium,9.99,29.698093140886993,7,5,0,0,1,Romance,0
9e67bb61-c495-4402-a8ef-e2883a8d501b,1,Standard,9.99,84.354969713024,25,3,1,1,0,Romance,1
86bc01bb-ffd4-4dc2-bece-e1314b7741c4,24,Basic,9.99,42.631179414957025,8,3,0,0,1,Romance,0
e1abf892-4b0f-4a83-9ec4-805ad9fcbdaf,5,Basic,9.99,46.295876042811884,4,5,0,1,0,Romance,0
c6ae305a-7270-473b-b4ab-efe3058e740d,13,Standard,9.99,56.96889089980041,9,5,1,0,1,Comedy,0
8f23e0bb-ee12-4218-998e-19aa7be9cc2d,4,Basic,9.99,45.926909008669774,19,2,1,0,1,Action,1
8db56c10-80c2-4b92-937a-5b676f93939b,16,Standard,13.99,78.6395950991915,5,5,1,0,1,Horror,0
93f1b58f-ad04-4cda-a590-794bde3b4375,24,Basic,9.99,96.2668790396555,15,4,1,0,1,Horror,0
2fc1a5e9-685b-4b74-b81c-3be46086162d,16,Standard,17.99,46.85135684893724,23,5,1,1,1,Romance,0
832a1f04-96d6-4966-9b67-f2ab45e67940,23,Basic,13.99,51.355243216707464,26,4,0,0,1,Drama,0
27024bd5-d102-4f35-8d97-35b004fcd14d,2,Premium,9.99,56.733583854322035,2,5,0,1,0,Horror,0
821557ab-24a0-4f9f-a6c9-5f52f296e0f2,17,Premium,17.99,70.82113526985276,9,2,0,0,0,Action,0
9dc53b07-5860-48d3-82ca-c9ab8bf8ff04,20,Premium,13.99,56.93031442088287,10,4,0,1,1,Documentary,0
c3fdc9a3-717d-4920-9db9-ae2e2ed3ce1a,24,Standard,17.99,87.74514822105192,10,1,0,1,1,Action,0
0f91c1ae-ae3a-4f9b-8456-cf71648b1505,12,Basic,9.99,82.93247833123854,16,4,0,2,1,Romance,0
db2688bf-ce9c-4449-b8b3-4762b02f490a,18,Standard,9.99,36.290752928098,3,2,0,2,1,Romance,0
9dd94913-0819-490c-b8be-59c5cc9cda86,3,Basic,9.99,70.41936331149657,3,4,0,0,1,Comedy,0
7554b65f-df40-4cca-a7cf-27cda8a9b12e,1,Basic,9.99,90.40678474619006,16,5,0,0,0,Horror,1
5ad7b46f-f397-4cad-a103-c52860da4209,1,Basic,13.99,50.104381084662336,8,5,0,0,1,Horror,0
912abe3b-03bf-4538-b6a7-aa8aa5a84d85,19,Standard,13.99,54.11470256412887,18,2,0,0,0,Horror,0
5c98a589-5027-45a3-8eb8-ee86bf4691f1,11,Standard,17.99,49.439260042940894,4,3,1,1,1,Romance,0
d730fbfa-8457-4b80-83f6-420b0831bcab,5,Standard,9.99,49.85848768952989,21,5,0,0,0,Horror,1
0c03e04c-538e-4bb0-871e-6c8c5f070fa7,12,Standard,17.99,26.63096896177904,23,1,0,1,1,Drama,1
54cb97da-e17c-4103-a9aa-1e0ce6e75425,3,Basic,13.99,33.433700970698986,5,2,1,0,0,Drama,0
9213d10f-d795-48b0-b3e7-3a2c8179ad01,1,Premium,9.99,61.5494743747446,2,4,0,0,1,Documentary,0
d0f9a481-902b-451f-ab74-9c5dacb6aac0,1,Standard,9.99,90.27195949305556,21,4,0,0,1,Horror,1
e3dd8e7e-bc9f-404a-a560-04edd1906625,8,Standard,13.99,47.73278374963434,0,1,0,0,1,Comedy,0
570126cd-8939-4797-99dc-c352c0f19f26,10,Basic,13.99,47.14485394102884,19,5,0,1,1,Documentary,0
df2e9a69-33b4-445d-857a-150b7e918efd,11,Standard,13.99,94.0304214084147,21,2,1,0,1,Romance,0
d1dd32f9-fa71-4bd8-a981-9519a129a463,12,Standard,13.99,37.834850763680265,15,1,0,0,1,Horror,0
710d348a-6cec-4b67-9787-4b510801d403,13,Basic,13.99,26.775136745871563,22,5,0,1,1,Drama,1
a3c8132c-30b7-4ffa-bc0b-b60848213688,12,Basic,9.99,43.42969127725,10,2,0,0,0,Comedy,0
81951e2d-5e1c-477d-b223-8bf740ad4bf9,14,Standard,13.99,46.744310424112676,12,4,0,0,1,Documentary,0
ade5e02a-8d49-4883-88de-f8fecaf3e557,2,Standard,9.99,25.050938306098693,26,2,0,1,0,Comedy,1
842589a2-56d3-4c94-8865-49e8de300a79,19,Basic,9.99,57.43916587450777,9,3,0,0,0,Horror,0
4e6deff2-0bc0-4837-9bc9-1d462dd181a0,18,Premium,13.99,78.96892699723071,2,2,0,1,1,Action,0
dfd5c53d-65bb-4378-b668-695c6b8c3d79,3,Basic,13.99,34.28090452570348,8,3,0,0,1,Comedy,0
569f1316-4747-403b-a57f-c9af8a6190e1,23,Standard,9.99,61.75156437907178,27,2,0,0,1,Comedy,0
cc051183-9d87-43be-84a7-bd7c448f222c,17,Premium,13.99,67.91871351253546,11,3,0,0,1,Romance,0
9b9fc438-b260-49f0-8a5a-ac43ce5b9d24,8,Standard,13.99,58.33231449451414,22,4,0,0,0,Drama,0
c770eab2-0c50-40ac-9e11-e4fc2ca2262f,10,Standard,13.99,63.71385179482119,13,5,1,0,0,Horror,0
e750877f-2643-4156-91af-b012bc793c51,2,Basic,17.99,63.94654525190422,0,3,0,0,1,Comedy,0
7062fe3c-cae8-443a-a365-140f62d1c5d9,19,Basic,9.99,43.74544086163136,17,3,0,0,1,Horror,0
0b200f73-e646-49f3-9454-f00ae23f42c9,9,Premium,17.99,89.97165144023737,16,4,0,0,0,Drama,0
b4ac4f33-cb6a-43f2-862a-1be205489985,7,Standard,13.99,84.95513668152431,26,3,0,0,1,Romance,0
071146b4-374d-4a64-9e2c-fb00ce6b23b0,4,Premium,17.99,83.79822794482335,8,1,1,3,1,Horror,1
b0e53f59-d79a-472d-9b41-e8e96ef9a23a,21,Basic,13.99,80.27351481087727,8,4,0,0,1,Drama,0
632cac2b-6ceb-4c30-be05-8a45ff51faba,18,Basic,17.99,28.50041061133952,22,1,1,0,1,Drama,1
b08d3ecb-6483-49b4-a365-ae9f3d9e235b,13,Basic,13.99,78.52124755623933,9,4,0,0,1,Documentary,0
858cfed1-5455-4006-9f6b-7cc36245bcc1,11,Standard,17.99,73.11202855099016,18,3,1,0,1,Romance,0
4cf73759-3a6f-4b6b-b581-18323f36e7f3,24,Basic,17.99,29.269527701124332,28,1,0,1,0,Romance,1
23fc9f15-867b-44f4-933e-d66926eab5b1,4,Premium,17.99,55.701792896998434,14,3,1,0,1,Horror,1
4935341d-8bf3-42bc-a9db-81ac3c30e63c,21,Standard,9.99,65.53586898650576,4,4,0,1,1,Action,0
9a48f2b4-42aa-4500-a6ce-dd6abb5f69fe,4,Premium,17.99,93.2863419624927,14,3,0,0,0,Documentary,1
4adde776-8d67-47a3-9284-4f1d432f0d63,10,Basic,9.99,74.49447715788517,19,1,0,0,1,Romance,0
983d46f7-cb7e-4269-b882-66560f984e41,5,Premium,13.99,42.70868545443397,22,1,0,0,1,Drama,1
52a14017-8d09-4466-b21f-e58b6a30f6f1,9,Standard,17.99,93.90776916903926,29,3,1,1,1,Romance,0
82f4ae74-781d-4fa7-aa3f-a6f73537ada6,24,Standard,13.99,60.87559525427778,24,2,0,0,0,Action,0
bf92e64b-eab2-4c51-a6b2-af511a688bfb,3,Premium,13.99,54.883177261938165,27,4,0,3,1,Comedy,1
818416f1-0bd2-4d11-a4d3-099d22461435,17,Standard,17.99,53.457636068223756,1,4,0,0,1,Comedy,0
96c06811-0a24-4478-bfa5-48d93572446e,3,Standard,9.99,27.528895239537334,12,3,0,0,0,Romance,1
1ef6e227-13b4-4a49-baa5-9159d853c1da,16,Basic,17.99,57.804609923677155,23,2,0,0,1,Romance,0
8dbd456b-bd42-43ca-ba01-a94e8e753844,4,Basic,13.99,69.94970514611316,15,1,0,0,1,Documentary,1
58c6dc49-f01e-4b9d-82a2-36b26c5a79f6,18,Premium,13.99,52.292333449495686,14,5,0,1,1,Romance,0
97fb7daa-9be2-4754-9fc5-0cd9d96dfa35,17,Standard,17.99,68.40904954495117,24,5,1,0,0,Action,0
ed6a14d9-8c7a-47f3-9705-154a1b523c16,7,Standard,9.99,42.71217858171639,9,3,0,0,1,Romance,0
656b1cd2-dfff-4060-98a3-c2d46bceab25,24,Standard,9.99,57.1814417144476,13,2,0,0,1,Horror,0
270f9a76-e4ce-4dec-9ef5-038935083cad,23,Basic,13.99,66.33080653217264,9,2,1,1,1,Action,0
b14ab5a3-1e61-42fe-848c-f3c5bd3e56cb,5,Basic,13.99,63.79321754126842,24,4,0,2,1,Documentary,1
b3514618-e7ad-4eab-b97a-8e4115e60e24,12,Standard,9.99,27.890698205619074,13,1,0,1,1,Horror,1
ef5efc2c-2e35-4039-925a-675f24ccf33c,17,Standard,17.99,51.21988098257543,25,2,0,0,0,Horror,0
b4461e66-a2c4-4549-9a7d-aebb53b6572a,23,Basic,13.99,93.54925860625212,29,5,0,0,1,Comedy,0
a0e354ff-48a8-42ab-8bfa-246646f77e72,13,Standard,9.99,50.15107851338964,22,1,0,0,1,Action,0
9c498ac3-fcb3-4c13-9520-0d619065f72d,23,Basic,13.99,60.31615088223679,8,1,1,0,1,Horror,0
745714f9-b558-4d5a-9ab8-49e0093e425d,3,Standard,17.99,58.26488498902111,24,3,0,1,0,Documentary,1
6f89431d-0452-4194-9846-38b98684610d,9,Basic,9.99,91.36479517839302,13,2,0,1,1,Comedy,0
9554dbd1-6cc5-496a-91d6-656739ebe307,17,Standard,13.99,85.80736244389341,2,3,1,0,1,Horror,0
84530181-a509-4b7f-93c5-68eaad6e5aec,17,Basic,17.99,76.1506199963762,19,2,1,1,1,Action,0
e46a79fc-cf06-4787-922c-911051ef413f,20,Standard,13.99,40.535153732549325,15,4,0,0,0,Comedy,0
5b154003-7d53-4c03-804d-43933215fe58,16,Basic,17.99,67.1836609838416,1,3,0,0,0,Action,0
978648d5-a816-4850-8689-a2af284df6e5,22,Basic,17.99,71.35883486150263,9,3,0,1,0,Action,0
7710f494-0324-4c55-a31a-c0f24d5253a0,13,Basic,9.99,46.02790328807892,2,5,1,0,1,Action,0
be8d8476-6422-4fd2-bd62-ee49025d5c4c,19,Standard,17.99,42.58965788304622,10,3,1,0,0,Comedy,0
dc204a4c-22af-4ad3-a8fe-778c440a8470,17,Standard,13.99,94.1002829441406,10,2,0,1,0,Horror,0
db72f22f-b274-4908-9499-c8b06ccbaf9c,4,Basic,17.99,53.983933755661425,20,5,0,0,0,Romance,1
f3529cfa-0ffc-48b0-b748-cc8c630b96d5,12,Standard,17.99,92.29953637822297,20,3,0,0,1,Drama,0
82ef2788-5cc4-4d02-b3fb-77f4f195e639,9,Premium,9.99,79.94187510989067,21,3,1,1,0,Horror,0
db4bdf4f-fe6c-475f-a224-cd62e3cb25f1,19,Standard,17.99,68.15753564750642,12,4,0,0,1,Comedy,0
a376f0b3-fc64-4391-aceb-57e27ca2a360,12,Basic,17.99,69.05062872718969,6,3,0,0,0,Drama,0
f39891a0-4f44-49c9-971b-f4a692105922,9,Standard,13.99,31.991608793384646,22,1,1,1,1,Drama,0
87be7911-5e43-466e-9168-5da895b636ea,7,Basic,9.99,64.13549559668833,16,5,0,0,1,Drama,0
b720c0e4-cbd1-4096-a0ee-9645bf4e7b4c,14,Basic,9.99,88.34040825963253,29,1,0,1,1,Romance,0
67aeaa06-561a-4814-a4a5-35cccb181a65,20,Premium,9.99,73.62679006371218,1,5,0,0,1,Documentary,0
fbc6a016-533a-4aae-b345-e93feb035687,19,Basic,17.99,63.08673374128821,11,4,0,0,1,Comedy,0
0ad8aab3-d564-4ae1-a27d-93e4a303f6ab,15,Standard,9.99,94.2387439163406,24,3,0,2,1,Romance,0
99416ff9-aaa1-475a-85ba-c319cb636553,16,Standard,17.99,56.29918554678392,9,3,0,0,1,Romance,0
d9f84bc6-1fc0-45b7-8474-baeb408c4db6,21,Standard,17.99,47.60888649956631,17,3,0,0,1,Documentary,0
38522656-614f-470c-8418-863f0d2daa7d,5,Standard,13.99,63.07663832156514,21,5,1,2,1,Drama,1
b36084ea-4d57-472e-894b-625046ea4d25,3,Basic,13.99,75.32934736223191,26,3,0,0,1,Documentary,1
0e51bfb0-a51b-449f-ac43-6c432719e2dd,12,Basic,13.99,25.644118083834783,10,1,0,1,1,Documentary,0
89903e9c-d9e1-4b2c-a64c-f500ef6b61e4,20,Standard,13.99,65.69737286980835,15,3,0,0,1,Romance,0
b1a80d81-1c3f-41c8-b0d4-306bb0f0064b,21,Basic,13.99,76.2069003107262,16,4,1,0,1,Comedy,0
e65d9e34-2dd8-4ea1-9696-08642a849b07,4,Basic,17.99,54.60716749406278,18,1,1,0,0,Action,1
1d390fae-8726-4802-8d61-2cb418862688,21,Basic,17.99,82.13929532605283,17,3,0,0,0,Documentary,0
9f525814-a2c6-4835-9707-72883e8432e7,23,Basic,9.99,72.8237332482214,2,3,0,1,1,Documentary,0
e2ca64fb-9d5a-4998-a9a8-0b19c357e61f,16,Basic,17.99,102.82766237022155,20,2,0,0,0,Drama,0
12a0e5d6-9a58-4d2f-8d9a-87e90ba8e76a,7,Basic,17.99,44.9879420483757,26,5,0,0,1,Drama,0
a53f6050-c328-4373-ad0a-b171ba29c553,13,Standard,13.99,76.61419700992178,25,1,0,0,0,Romance,0
a0cc6fb8-a637-47c4-af45-6112f82adde4,21,Standard,17.99,39.65352184405191,15,2,1,0,1,Drama,0
be0d536c-6b13-4d72-b912-a5171b584bec,10,Premium,13.99,27.69267097446548,5,4,1,0,1,Horror,0
d8ec090c-21ff-4b7c-b7eb-b43588e3a062,7,Basic,9.99,19.28938314364254,24,5,0,1,1,Documentary,1
a3981334-7a9f-4bb2-a571-6025f9bffa1a,14,Basic,9.99,70.76648044793853,11,1,1,0,1,Drama,0
291df2af-64ba-43ba-926c-d8a3f84f99fc,5,Basic,17.99,63.68495827888205,10,3,1,0,0,Comedy,0
d9dd937c-2771-496a-b62d-e04da25c0eb4,3,Standard,9.99,50.41897885276492,14,1,0,0,0,Horror,1
3103b025-22e4-4333-9ede-942af406b5c1,23,Standard,17.99,24.52991332100774,14,3,0,1,1,Romance,1
a9496999-c05e-4b05-b1f0-0b93b70a4b87,11,Basic,9.99,46.19226747722648,15,5,1,1,1,Action,0
f6d922bc-c36f-438b-a121-cfd1372d5016,11,Premium,13.99,60.081860153509126,9,3,0,1,1,Documentary,0
83663859-1a5a-409b-8664-51dbbb503b5e,18,Basic,13.99,75.86338733586196,11,4,1,1,1,Documentary,0
60328ace-84a8-40e8-b682-1db736ac2194,15,Standard,13.99,59.669284995047484,27,3,1,0,1,Comedy,0
8ef65f5c-2626-4859-ae2f-7ca166c098ef,12,Standard,13.99,65.04120685410555,12,4,0,2,1,Action,0
a4c17136-6642-4c64-b911-6ed4780106b0,9,Premium,17.99,52.47735238051728,3,5,1,0,1,Action,0
5fa3ed6e-137d-4c50-b16b-c8d3133a8df7,10,Standard,9.99,94.98448405054309,6,5,1,0,0,Romance,0
e59c4622-a49d-4ef3-a321-6a21b4f2ac01,12,Premium,17.99,39.63500711343544,21,1,0,1,1,Romance,0
d7ac944d-e23e-4dc5-b62c-69480532efe2,17,Basic,13.99,46.01523565429744,1,4,0,0,1,Horror,0
96e13add-5d4f-4df2-8fb1-f67af7f539a3,6,Premium,17.99,50.15283852012974,25,4,0,1,0,Documentary,0
474ee3cf-48dd-4717-80f4-8eb397c26bc5,7,Basic,9.99,70.85408795953448,26,2,0,1,1,Drama,0
c062f2c2-1a47-49d4-bed2-bafafb1e520d,14,Premium,17.99,39.22280420426239,26,2,0,1,0,Romance,0
6b7fd8b3-f482-441e-a177-91e8d235fa5c,13,Standard,9.99,62.714371810959975,26,2,0,0,1,Comedy,0
b9f7f71d-9b21-46f9-9671-69e35c151b90,8,Premium,17.99,63.29820286853115,14,3,0,1,1,Comedy,0
e8bbc454-6ef0-4311-a9ef-2fb583d25b28,10,Standard,9.99,46.1128405853324,7,2,0,1,1,Comedy,0
00d44b2a-4f1e-454c-884c-7e336f84390a,9,Standard,9.99,66.59958921913714,6,4,1,0,1,Romance,0
e5cce351-1a2d-40b0-a10c-f85b78e6f57d,18,Standard,13.99,39.843722025251374,14,3,1,1,1,Romance,0
45202e70-6e70-4d21-a16c-b2c598f94eaf,2,Standard,9.99,37.65851715076508,22,5,1,0,1,Comedy,1
6b20288e-1fed-4622-b14f-4214a4b9429d,5,Basic,13.99,61.992115130428814,13,1,0,1,1,Romance,1
5169e9f0-0b2b-478c-b20f-5a6cf8b21308,5,Basic,13.99,26.804888290438747,7,2,1,0,1,Drama,1
762e3c6f-56ea-4178-9b55-f26e30056cb7,6,Basic,13.99,17.103945948995246,27,5,1,0,1,Drama,1
7957e239-5d08-469b-9fb4-89bdb4c5bf72,19,Basic,17.99,70.65666601593601,11,4,0,2,1,Horror,0
d3b82478-f669-4163-987b-ac1f39b7a4b1,8,Premium,17.99,80.9793988518234,12,1,0,2,0,Documentary,0
cfb20c6a-3807-4b68-9e53-aaaa61518344,16,Basic,17.99,50.66393762614942,29,5,0,1,1,Drama,0
8fe8470c-9561-4dff-9f94-b0356afcaf34,13,Premium,17.99,46.63858695804459,10,1,1,0,0,Horror,0
84de4355-5b10-47cd-b355-ba9ce2046580,1,Basic,9.99,80.1107045194912,16,2,0,2,0,Action,1
708c98c5-4f34-4868-b9cd-5c3cc620129f,22,Basic,9.99,37.0892356400216,28,4,0,0,1,Documentary,0
ec7b5f94-ff2c-4e66-957a-d6b4f82927fd,20,Standard,17.99,32.73254750557683,16,1,0,0,0,Drama,0
dd89e79e-13c9-464e-aa4c-2dd891ea087d,17,Standard,9.99,74.15272847416975,23,5,0,0,1,Action,0
d003e2a5-ea12-4203-8960-bdf46fa1e068,7,Standard,9.99,60.18076373024615,3,2,0,0,1,Horror,0
1117d668-7a35-4702-8b50-c41359ba863b,13,Standard,13.99,81.29753478580476,20,2,0,0,1,Drama,0
976b3694-a385-4071-a02c-54b461782a30,4,Standard,13.99,17.194682424440416,7,5,0,0,1,Drama,1
5bccba47-0949-4b05-9e03-b36eca35298d,4,Basic,13.99,31.98652017762874,4,5,1,0,1,Romance,0
47dd2125-0e27-4995-9f31-e91b575cac15,6,Premium,13.99,60.28664119688313,25,1,0,1,0,Action,0
09e2982f-a170-4b31-9e97-d6e56ca37c38,19,Premium,9.99,68.35347396967573,15,3,0,0,1,Drama,0
5df985d9-f5fb-4a42-8c27-cc8a8245afed,12,Standard,17.99,76.93994175378917,3,2,0,0,1,Comedy,0
d0082165-2cf5-4ce3-879a-85366284ea93,22,Basic,9.99,63.49635537617555,27,1,0,0,1,Romance,0
75eaeeee-c664-4543-b36c-6b1ccda24ad1,7,Standard,9.99,63.293103107171376,21,5,0,0,1,Romance,0
1fe044db-94dd-42e1-ae09-cb27d0e866ab,10,Basic,9.99,52.21196913939603,28,1,0,0,1,Drama,0
74a17ecf-31c3-41ee-8301-409a21e65b19,19,Basic,13.99,91.81809809809036,14,5,1,1,1,Romance,0
5a370895-694b-4bb3-a57e-0145e45a941f,7,Basic,13.99,37.93953089059004,11,4,1,2,1,Documentary,0
b70bf4a0-24da-4ff2-820e-83c4b3a19747,3,Standard,13.99,67.18040305111877,4,5,1,0,0,Action,0
b1c7cbca-f7a2-4625-b25d-ffd902e52cb3,13,Premium,17.99,40.243823308239605,29,5,0,1,1,Documentary,0
d4f3403b-bbfb-4a1f-bc88-1d3e29eeacad,13,Standard,9.99,70.6955709161002,22,5,0,0,1,Horror,0
a89069ba-a393-4672-b642-f12eab23e175,18,Standard,17.99,39.259648612244675,15,3,1,1,0,Documentary,0
a7b23d48-01ca-442a-955d-508f76aceb63,20,Standard,13.99,74.87631397000916,13,5,0,0,1,Comedy,0
7c61302d-5ab0-415c-b948-7718f6fdd81b,8,Basic,17.99,62.24209893649034,9,2,0,0,1,Romance,0
a1496b6f-d917-40f2-9246-4a47beab5545,9,Basic,9.99,94.89278346517364,6,2,0,0,1,Romance,0
b57e15c9-a52c-4c4c-a6a6-c51df4845d30,7,Premium,9.99,54.37960705456829,12,1,0,0,0,Comedy,0
edc81589-127e-4b85-ab62-3c190e64db9b,1,Basic,13.99,68.49932232495091,19,3,0,0,1,Romance,1
aecdc779-95aa-4c86-b78a-a10271954d56,3,Premium,13.99,44.4068743907858,27,1,1,3,0,Documentary,1
ad47f2e0-8596-4c89-a205-a7cd267c0ce6,13,Standard,17.99,54.24213987117411,28,2,0,2,1,Horror,0
3e920ce5-25bf-444f-b3f2-b16432a73616,17,Standard,13.99,62.114989588887056,4,2,0,0,0,Drama,0
9cef0b83-b735-45a4-9ced-fd8b7e2d8377,24,Standard,13.99,29.455601550572517,28,4,1,0,1,Comedy,1
51c29d80-2fd4-4ab3-ae51-be7f0505bc90,1,Standard,9.99,31.64752131630456,2,5,1,0,1,Documentary,0
290e850a-4765-4577-8c4e-99a63ab5ad59,6,Premium,13.99,71.9971859967129,14,2,0,0,1,Documentary,0
03c98f6e-a4e8-42ad-876c-e56fa6c38243,21,Premium,13.99,57.078263569366406,3,1,0,1,0,Documentary,0
78c51a27-1831-4efc-9887-5d7fb9d0afa7,6,Standard,9.99,48.14146933903956,14,1,1,0,1,Drama,0
7565dd45-b111-464b-8299-d2fb470154c6,12,Basic,9.99,45.26027639166489,13,5,1,0,1,Action,0
61011fc8-e8d9-475b-af19-7def74c00e8f,13,Standard,17.99,46.03022408552613,19,5,0,0,1,Romance,0
e5c9ef3d-e511-4afe-a082-cec97cbe6120,13,Premium,13.99,62.25101430016457,18,4,1,0,1,Romance,0
dbcd2d99-3ff3-438a-8e7a-9f52abdea600,15,Basic,9.99,68.9007172823238,12,3,0,0,1,Horror,0
0eedca78-a0b1-4ff8-bade-eb49c30744aa,21,Standard,17.99,18.157855407495518,9,1,0,1,1,Action,0
02b98714-6c13-4124-8474-02fb412ea2a7,16,Standard,17.99,88.25668113539784,20,5,0,1,0,Romance,0
c766b951-4269-46ab-ad04-0d3bfd3d5e15,22,Standard,13.99,86.83401525883986,4,1,0,0,0,Horror,0
9f2f3a23-3175-47fe-ade3-15d836ed1a1b,21,Basic,13.99,13.38690472906201,26,5,1,0,1,Horror,1
1b9d84fb-8147-4fe2-9f40-cdf211139a92,11,Standard,17.99,81.71853392645595,22,2,0,1,0,Documentary,0
2500f687-8437-4d5c-af19-1010916bd94e,5,Premium,9.99,81.10437702662085,19,1,0,1,1,Comedy,1
fed698c1-3a64-41cc-adf7-fa947d15b9d9,4,Basic,17.99,60.0089098837509,28,2,0,2,1,Documentary,1
c8b3d0ed-b832-4231-b166-bd3fdb5f9808,3,Basic,13.99,34.056627562302474,19,1,0,1,1,Drama,1
ef2d5e9f-9368-4f7d-a8a7-bcf30e87f422,19,Premium,9.99,80.30456183330145,24,3,0,1,0,Romance,0
69335fae-3988-4175-b41c-9dcdea8a8434,20,Basic,9.99,55.17537867405297,5,4,0,0,0,Horror,0
32d63e98-cdd8-454f-b2b0-460c6a3c37e3,18,Premium,17.99,70.97757687637913,3,2,0,1,1,Comedy,0
bec7215c-d89b-4669-8dd8-6cf9097fb171,15,Standard,13.99,104.38402543923557,1,5,1,0,1,Romance,0
c219cdc6-c723-4ad0-93c2-9be5b499fa9c,9,Basic,17.99,65.03673501247238,21,3,0,1,1,Horror,0
dbda3ef1-c8ef-49a1-8306-ad88094ba5ad,17,Premium,17.99,41.66230616562876,15,1,0,0,0,Horror,0
8720e37a-8fe2-4d6f-8380-a105644b4a6e,14,Standard,17.99,53.28538010160557,17,2,1,1,0,Documentary,0
62c16f8f-cfc4-4b71-817f-f95fb400d258,15,Standard,9.99,44.21109279518025,4,1,0,0,0,Comedy,0
c9b6b5bf-c5bc-421b-9873-bfb0528f768b,1,Basic,9.99,68.66979434897046,21,1,0,1,1,Comedy,1
333db94f-1255-408b-a06f-7b4d3c9f764c,21,Standard,13.99,43.87864882500391,3,1,1,1,0,Romance,0
d576f795-46a8-4a83-bc90-45b0b0f9fb2a,22,Basic,13.99,50.542971553007135,29,4,0,0,0,Horror,0
0569a43c-c42b-41cb-b87d-3364a5a02304,22,Basic,17.99,34.311392511848005,12,4,0,0,0,Comedy,0
a1f449d5-fb3c-4b38-a76d-887805a1a414,3,Premium,17.99,57.35825988961713,18,5,0,1,1,Comedy,1
a77a49c3-bc9b-469b-a470-f1f99a973a48,16,Basic,17.99,63.53509586604099,22,2,0,0,1,Romance,0
5c0162ac-2712-421a-ad58-0703993dc2ea,23,Standard,13.99,6.30423905765015,1,3,1,0,1,Documentary,0
e5cb972e-9bcb-4302-a773-6ebd374cc2e5,11,Basic,9.99,65.19147122960442,12,3,0,1,0,Action,0
bd42d78e-ab97-43f8-ae4e-00465bb32a8c,12,Standard,9.99,59.08599537806441,10,3,1,1,1,Drama,0
0b3e5edf-8efa-456a-8010-102e1e41f742,10,Basic,17.99,44.70016102487745,29,1,1,1,1,Action,0
e5e2ec2f-0f72-47ab-94a7-bbf578a8343e,16,Premium,17.99,100.57257848539746,21,4,0,1,0,Comedy,0
8bc58852-a32d-4042-9f02-8e94ca47a995,8,Standard,17.99,79.1695305520951,28,2,0,0,0,Horror,0
5050dfd2-a15d-4bdc-8341-ec854095d277,6,Basic,17.99,38.071950276971975,3,1,0,0,1,Drama,0
b75d0927-028f-448f-8dc3-36e5861b36ef,12,Basic,13.99,76.7647375914228,21,4,0,1,0,Drama,0
bf35302e-265f-4845-ad89-432296e647a0,24,Basic,9.99,84.88996152042115,19,4,0,0,0,Horror,0
748daf4e-3396-4eaa-8d1b-d9f12736e139,21,Standard,17.99,62.64041845235114,19,2,1,0,1,Drama,0
02c5b4f4-4420-4446-b66e-8e5d8408cda0,8,Basic,13.99,67.2288407389465,14,2,1,1,1,Horror,0
39c6e74b-b109-4088-909a-250d28648a62,4,Premium,17.99,66.76693333843181,3,2,0,1,1,Drama,0
4165f62e-c004-4ad3-8db9-8b2bb80892aa,8,Standard,17.99,18.283682821534228,8,1,0,3,1,Romance,1
7bfa6de4-f01a-4581-8fc6-2882f55d6582,18,Basic,9.99,56.262608062992015,6,5,1,1,1,Romance,0
cc74f4ae-fb7b-4098-8f63-f8856a2086ba,5,Standard,17.99,55.22174316031943,18,2,0,0,1,Action,1
c2e96477-f64a-4277-8b46-27221281b1d0,9,Standard,9.99,88.60311273119757,18,5,1,0,0,Drama,0
5044b7b5-b792-42e2-9599-1f351bd659b4,4,Basic,9.99,66.67455727123746,5,1,0,0,1,Documentary,0
e94c46fc-d4c2-483e-a9b5-a3c3988c0505,22,Basic,9.99,54.047780757666104,5,5,0,1,0,Horror,0
58e12a30-5205-4668-9003-060ad011ea24,17,Basic,13.99,58.197505180179775,19,3,1,1,1,Drama,0
58266596-61a6-455e-be58-a7e267860785,9,Standard,13.99,80.46771163254803,14,5,0,1,1,Romance,0
9541baf6-4494-4b24-b543-51e374db646d,1,Standard,9.99,56.30830673509369,14,2,1,0,1,Romance,1
bea00f02-711c-4dfb-9d7c-138e964e24b3,21,Standard,17.99,46.03608933816782,24,1,1,1,1,Horror,0
e3a744b1-b49f-44dd-b34d-ddb614889366,20,Premium,9.99,54.485956141582676,19,2,0,0,1,Documentary,0
cf9977a8-fbc0-40fe-bc3f-05a566c9a765,13,Premium,17.99,78.81392287645365,8,3,0,0,1,Drama,0
409b775b-0b45-4ffa-93b3-23e64aede7a4,16,Standard,9.99,69.92329811195873,3,2,1,0,1,Drama,0
f5d6042e-8fb9-4017-bc41-f44a046a2938,13,Premium,17.99,60.88535946698228,17,2,1,1,1,Documentary,0
24973d7a-2ff3-466b-bbfb-753795ad9a14,14,Basic,13.99,63.8307859888966,17,2,0,0,1,Documentary,0
ba9ffd70-6226-4b0d-84d1-e8a8c4532812,3,Basic,17.99,48.80515052809036,4,4,1,0,1,Documentary,0
f44370c4-40f8-4b0c-8986-897add5b50f1,6,Basic,9.99,56.12101199114693,19,3,0,0,1,Romance,0
a840da10-c043-402f-9ebc-4c38ad25f0b1,18,Basic,13.99,46.733913564509656,22,2,0,0,1,Horror,0
d24a551d-d3e7-4247-b10a-5da47e0d6089,19,Standard,17.99,54.104414314005126,29,2,1,0,0,Documentary,0
cb3cfd6f-9e6a-4f39-8003-a6400b0163f3,5,Premium,17.99,86.9235652725325,10,2,0,0,1,Horror,0
3c7b2fa6-a425-4a77-ae68-86b7f217a0b1,15,Basic,17.99,38.442563772456204,4,1,1,1,1,Action,0
7e033325-0bff-4fbb-8507-3716f1226be1,2,Basic,17.99,46.225646671541696,21,4,0,0,1,Drama,1
fcf665bd-29d6-415c-96f5-48dc9c41e458,10,Standard,17.99,34.91402274128497,25,1,0,0,1,Drama,0
583948cc-2431-493c-8ef3-d7cb238ceb10,24,Premium,13.99,30.581824856248033,3,4,0,0,1,Comedy,0
43c36718-5ecd-4fa3-a44f-f758b37acef8,18,Basic,13.99,56.26456171609417,28,2,0,1,0,Action,0
08e908e0-0ead-45f0-a768-5ec8ffe64c0c,13,Standard,13.99,47.64781636398427,11,3,0,0,0,Documentary,0
0b4b26a9-ed06-4348-abf8-4213594eb4a0,5,Basic,13.99,95.23377861584385,1,5,0,0,1,Documentary,0
9b82cdcd-8a43-456f-9a35-fb9a6355f63f,23,Basic,9.99,54.34306907644413,12,5,0,1,0,Romance,0
80a17563-8294-4589-81dc-391ac7987829,24,Premium,13.99,85.78793726860049,9,2,0,1,1,Action,0
eb2d76df-b524-41cd-b4e4-78af82f4721f,1,Premium,17.99,79.36012949881267,8,1,0,2,1,Documentary,0
15e5df9d-d46c-4b04-a210-6597b5286c4a,22,Basic,17.99,55.820916895519716,9,3,1,0,1,Comedy,0
d42ab094-5d86-4d6c-95cb-8a45f3885f3d,1,Premium,13.99,102.20271164171245,6,4,0,0,1,Horror,0
e8508c15-b801-4a6c-aa02-45bc4b5ea828,18,Standard,17.99,65.37067972929617,3,2,0,0,0,Drama,0
ad1ccf3a-ea96-4d3f-9e5f-1aa3aafc273a,15,Premium,13.99,90.26018532007978,18,3,0,0,1,Action,0
cda3acd1-deff-4b38-b00f-fd4034e5d206,17,Standard,17.99,87.93193783162528,9,3,0,0,1,Drama,0
fa8e639a-0829-4eb5-81ff-861894872f04,11,Standard,9.99,68.29295970209566,29,4,0,0,1,Horror,0
66328328-84ee-43e3-81f0-071ee89eddd1,21,Standard,9.99,75.02261695611702,2,3,0,0,0,Action,0
d4424dab-4676-4399-9b19-9218996eddc5,22,Standard,13.99,72.48142830238952,24,1,0,0,1,Horror,0
dfec8226-13e1-4574-8174-62a422944ad2,17,Basic,13.99,37.11477137216583,20,1,1,0,0,Documentary,0
54495235-6976-4d84-aeb7-ce4c20a4ddb1,13,Basic,13.99,61.14580708906033,28,1,1,0,1,Documentary,0
0c1f6ad0-4da7-4a7d-ae6b-a5fdcac8c856,1,Basic,17.99,81.48494467889321,18,3,0,1,0,Documentary,1
b7c66bcf-ff3b-4a93-8901-d98acc6aa4bc,2,Standard,13.99,90.52372634723324,20,1,0,1,0,Horror,1
702b92f9-c88a-43e5-afdc-7c108dd2dc9a,9,Basic,9.99,45.58720656336101,1,4,0,0,0,Horror,0
757d90ff-6122-4179-9373-d7d6318fe008,3,Standard,17.99,70.5766260362604,26,3,0,0,1,Horror,1
6a5f5ead-7d79-4851-a20f-7edb3e9d282b,1,Premium,13.99,63.01740426555069,19,5,0,0,1,Drama,1
40f422b9-c6ff-466f-bcc5-77450a206c54,21,Basic,17.99,57.64251870836809,9,3,0,1,1,Horror,0
813fe835-c877-4474-8235-67decc5677db,16,Standard,17.99,67.12005258450053,1,4,0,0,1,Documentary,0
ccaadbec-19bb-40e8-ada1-e817a33080f0,23,Standard,13.99,64.35994821332275,1,5,0,1,1,Comedy,0
3f3ebfb1-1c98-4746-9004-6bb9b4040e94,6,Premium,17.99,70.82815137745176,27,3,0,2,1,Horror,0
35244da8-e37e-4721-83b0-95d95733b5bd,17,Basic,9.99,88.83433521900105,23,1,0,0,1,Comedy,0
95d620ae-88bd-43a1-81dc-7b505b1506a1,5,Standard,9.99,75.68255181729401,16,2,0,0,0,Documentary,1
c58652ed-6875-4ce4-827f-2a88384d89c1,5,Premium,17.99,66.21182517745406,15,2,0,1,1,Horror,1
35a5b24e-9405-40be-882f-9bbbf8b86262,6,Premium,13.99,97.29250113646158,15,1,0,2,1,Drama,0
08c480d8-e3b4-4142-aaee-540d4c59d6f7,3,Standard,17.99,82.19859191760672,13,2,0,0,1,Drama,1
e102d406-1267-440a-9a45-e7cc5c6cd4c5,21,Standard,9.99,58.15203122793303,6,2,0,1,1,Comedy,0
7589972a-e873-494b-b73f-e9c00d503db5,23,Standard,17.99,35.6575919529419,20,1,0,1,0,Romance,0
de71d44a-db74-468e-9364-5a9050b318b2,5,Premium,17.99,40.24338638159069,10,1,0,0,0,Drama,0
f92b5d4e-56e9-47b9-b1fe-1ee7abb1e8b5,21,Standard,9.99,78.66464896631268,23,3,0,0,1,Drama,0
8cb9cb7c-ed6c-4a04-a7d7-2da9d89b8236,5,Basic,17.99,47.39375041494037,0,3,0,1,0,Drama,0
e1125a1f-5546-4590-b5ec-0331fa16341f,10,Premium,17.99,39.83889045776104,10,1,0,1,0,Documentary,0
11e875dc-17a2-4549-b4b3-7bc002488a1f,10,Standard,13.99,44.83829346625601,22,4,0,1,0,Drama,0
e25c71f4-5b6a-4a7b-9b1e-d120661d9458,19,Standard,13.99,46.252313758186,20,2,0,0,1,Action,0
0418e4f9-54da-4090-9246-5bd993404096,17,Basic,9.99,77.01295335564502,3,3,0,1,0,Horror,0
6b9b31ed-48b7-428d-90be-83eeb108f6ca,21,Standard,9.99,56.86515848435448,6,2,1,0,1,Drama,0
1be5dffa-8fef-4654-adae-7ffd35977e04,14,Basic,9.99,32.55250799401189,25,5,0,0,1,Romance,0
fd6d16a7-407a-423b-8910-7fbf99782bec,9,Standard,13.99,60.62089795524713,14,1,0,2,1,Romance,0
7b44a54b-1aba-4ac7-a5d1-354f82c61b2d,14,Basic,9.99,64.44532264896483,17,4,1,0,0,Drama,0
ea9bdaa6-e162-4ae2-a57b-4307c7e551a8,1,Standard,9.99,50.41326277118297,11,5,1,1,1,Drama,1
11cdb38a-2389-40b6-bc2f-23202851321f,19,Premium,9.99,83.117701683854,16,5,0,1,1,Action,0
f093cb15-486f-46dd-bf70-87e7a4b96c26,13,Basic,13.99,51.58122228615431,0,5,0,2,1,Drama,0
2fc0b26a-e653-4988-b878-423ee9f77aa9,13,Premium,17.99,82.166753732743,10,1,0,1,1,Drama,0
19c83915-9b6a-4768-a6d4-7f892de48ede,4,Standard,9.99,71.93565559349953,27,3,0,0,1,Horror,1
1be9371e-fd06-41e9-861f-9e5536e565bf,1,Premium,17.99,78.53211016088814,0,1,0,0,0,Romance,0
e6fc7fe0-4002-4964-a5db-f355b466c8b4,17,Standard,9.99,38.0289831838721,14,3,0,1,1,Action,0
dfa74156-727c-4a6b-a700-3ce96cba83de,8,Standard,17.99,61.96620384476205,27,5,0,1,1,Romance,0
13c14161-cbf8-4677-a8a8-c7113b36493b,2,Standard,13.99,58.94343990850462,20,5,1,0,0,Action,1
e35d14eb-fba0-44d9-a397-cad286b9dbe2,8,Premium,13.99,31.559869501849338,9,4,1,0,1,Romance,0
769f665e-4e72-45f1-a4af-81020f1e336c,7,Standard,9.99,82.10121459605818,6,3,0,1,1,Drama,0
b10465d2-4dd2-4772-8caa-778b8bf46f00,2,Basic,17.99,43.651982061853005,1,5,0,0,0,Romance,0
0874a97c-d49f-4cbb-98b2-f6266b0bed14,22,Standard,13.99,47.808643423280344,9,2,0,1,0,Romance,0
f660265f-6c08-497b-8b94-98342392df47,22,Premium,9.99,39.73368328804548,23,4,1,0,0,Action,0
b4aabeb1-fedb-4f68-896d-9ee7b52c4d61,3,Standard,9.99,74.02372652140747,3,1,0,0,1,Comedy,0
58c03d4b-c9df-402f-b197-f802a0787705,18,Standard,13.99,29.481405624548085,11,4,0,1,0,Action,1
c4fc1099-1361-4ee0-a122-9ffc943ec6fd,12,Standard,13.99,72.35749600929137,18,2,0,1,0,Action,0
84982629-0e13-4752-9f88-7d8ef87431ab,1,Premium,9.99,80.89027972486922,25,3,0,1,0,Action,1
352efeeb-b981-47d3-b6b3-850d864ec39a,22,Basic,17.99,70.74356855251521,10,1,0,0,1,Documentary,0
cacc77c1-70ad-4e85-8a3a-f7d1e84bd763,12,Standard,17.99,74.25256967692857,7,1,1,1,1,Documentary,0
da39b7db-3830-462d-8be3-7571f96d5a3d,5,Basic,17.99,75.19092939156086,17,3,0,0,1,Documentary,1
938c03dc-c97c-47f6-8b6f-548818bdf27d,17,Basic,9.99,41.01151346548472,10,4,0,1,0,Action,0
3203a926-44c0-4523-ac7c-07b9523e902c,16,Basic,13.99,88.69469959328688,10,5,0,2,1,Comedy,0
2d8701a0-0ba9-4388-9878-41caf131a692,15,Basic,9.99,50.798474917330026,12,4,0,1,1,Action,0
a90038ac-8548-4385-9723-3107b9f921eb,23,Standard,13.99,58.67224764820056,2,2,1,0,1,Drama,0
99f538a3-e3e8-4bd0-8d65-83c4e9b09ab5,15,Basic,17.99,53.34725363298082,11,5,1,2,1,Comedy,0
d1ab387c-86a0-47e5-b8e5-81a6fba83e6a,5,Standard,17.99,69.8308424175462,2,4,1,0,1,Documentary,0
de91ef6d-37d3-48ed-a3f7-da0f2bea2684,21,Basic,13.99,49.239255137251554,9,3,1,0,1,Romance,0
8a9282a5-c9c6-4276-b21e-1edc112a24fb,14,Basic,13.99,61.33831448474737,26,2,0,1,0,Romance,0
b838713f-e883-4b3d-9b59-8f60cf71651c,2,Basic,9.99,35.2931236570799,16,2,0,0,1,Horror,1
08bd6dc8-486f-4706-baf1-494536330481,11,Basic,17.99,83.29330417003143,21,2,0,0,1,Comedy,0
ca2e699c-1e76-48f2-9408-c634781424dd,19,Standard,9.99,73.41481891900406,1,5,1,0,1,Documentary,0
83872f07-a80a-4cc2-9433-d2cd5300ef8a,7,Standard,9.99,54.15480476196461,16,1,0,0,1,Comedy,0
e5915fb6-2777-4a38-9f88-432a5c0ae485,6,Standard,9.99,50.617019399483794,15,5,0,0,1,Comedy,0
5610eddd-b4b7-486f-b795-c088366e9ee9,2,Standard,17.99,72.89256492635394,1,4,1,0,0,Romance,0
1d742578-9a5c-4e47-b112-e27bfb053bdb,6,Basic,9.99,45.854132387280764,27,1,0,0,0,Action,0
aca1fec3-418f-435a-adb5-8a7d9f744c80,18,Premium,9.99,62.50730631530338,21,4,0,1,1,Drama,0
31cdb1cb-8118-4986-97a5-41a4f8d843df,2,Standard,9.99,83.22797574862813,29,1,0,1,1,Horror,1
954c1ef0-c6c1-47d5-ad76-20588a868bf5,18,Standard,9.99,43.77485761725615,19,5,0,2,0,Documentary,0
3c2c6e91-c89c-4d55-868d-ececff4ee6c3,15,Basic,9.99,67.37201658240406,5,2,0,0,0,Comedy,0
a7946f36-667f-409a-b1f3-b369028f8426,19,Basic,9.99,66.31450533870985,27,3,1,0,1,Horror,0
7df82fb3-6f59-44d8-b13d-54bc73a375a5,2,Basic,17.99,58.05326362674634,24,2,0,0,1,Comedy,1
b948faa3-8127-44d3-b4e4-9b8be9a94db3,20,Basic,9.99,49.92420831792127,28,5,1,1,1,Romance,0
7146a173-b27f-4dda-9dda-f32f24b119ea,6,Standard,13.99,84.2959411378877,9,1,0,1,1,Drama,0
357b7669-0137-4c93-a33f-d7aab2f3b60e,1,Standard,9.99,48.048627284660675,27,2,0,1,1,Romance,1
b2b2d34c-f8cf-40d2-b481-75aedacf1539,24,Standard,9.99,23.7592219774076,9,5,1,0,1,Horror,0
e3a2a550-212f-4488-87d4-7dd2f38b66ba,15,Standard,17.99,72.81067183262067,7,4,0,0,1,Documentary,0
4a43df33-82cb-4e07-90cd-ba5a39016ba4,23,Premium,17.99,35.97393300464332,0,3,0,1,1,Comedy,0
c8b1b18f-f38c-4355-9eb7-4525a9776e1b,10,Standard,13.99,73.83762289710174,12,2,1,3,1,Drama,1
ca737971-ba7e-4b43-aa55-4a5f69577b45,19,Premium,13.99,86.69806495686888,23,1,0,2,1,Romance,0
b1c442ad-c450-4270-8084-d0f89db074e6,17,Basic,17.99,72.59499756797348,8,4,0,0,1,Horror,0
b4dad826-a44c-4037-83b1-f88a9de0e1b8,5,Basic,17.99,81.42822603774982,21,5,0,0,1,Romance,1
569cd1e8-7b3f-4dbd-b80a-f91b205d3142,4,Basic,9.99,100.40098213859295,9,3,0,0,0,Comedy,0
6ab73277-1416-44e9-adec-f3cfc767fd2c,10,Standard,17.99,79.33520925217894,14,1,0,0,0,Comedy,0
92a47ea7-c941-4e66-85d9-ef621c97e99c,24,Premium,13.99,66.61146785250871,4,5,0,1,0,Documentary,0
0e578d36-0441-4ccd-8cb8-52a862b27a28,17,Basic,9.99,92.67896367047297,21,5,1,0,0,Drama,0
8d2fa737-b7d3-4c7a-87b6-9ddd849a756e,10,Premium,13.99,95.0955108969317,15,2,1,1,0,Action,0
101fdfdc-3225-4d84-9662-f87a99b56b89,17,Basic,9.99,95.3754356651884,12,2,0,1,1,Romance,0
71efa398-a5e0-4875-9b59-7b93b3fb7acc,20,Premium,17.99,50.15712969607995,21,1,0,0,1,Comedy,0
0ef5f8e3-f970-4d63-ac2a-94d57faaca40,24,Basic,13.99,32.919632830031915,24,5,0,0,1,Horror,0
f3ec9a5b-a08c-4ad3-b4e6-674ddc8ba369,5,Basic,9.99,48.936156331302264,19,2,0,0,0,Romance,1
5a85bc08-ed99-4ff2-9ae0-80a9b2281f4b,2,Standard,9.99,74.07283231586351,17,3,0,0,1,Documentary,1
5cf54991-bb20-4e0c-bfb0-a21a51da7fde,6,Basic,17.99,63.18317890664211,10,3,1,1,1,Documentary,0
4220f2b3-2077-49e8-b6cd-90c4f1c3e4f7,21,Basic,17.99,55.87038029646306,26,5,1,1,1,Comedy,0
15b4d864-3b49-4755-83cf-e44c39c9aef7,2,Basic,17.99,71.20962797609872,8,2,0,0,1,Comedy,0
4278af8c-d633-404b-a038-abdb94d2fd5f,13,Premium,13.99,30.583898366534655,15,1,0,1,0,Comedy,0
4e81711f-b795-4fef-a683-873f7d00a370,11,Standard,9.99,62.823385973830824,1,1,0,2,0,Action,0
9203320b-9c36-471d-afe2-b15026665e33,11,Basic,17.99,82.36915289695753,25,1,0,0,1,Comedy,0
ca2ce4aa-f1ad-4572-bccc-17318a9b68e3,16,Standard,13.99,70.98631289116457,24,3,0,0,0,Romance,0
3333258a-3137-4fbc-8cb9-58392f7bf266,11,Standard,13.99,73.83619643667457,1,2,1,1,1,Romance,0
80f3f902-2c45-4689-ad77-682d6b990cb7,19,Basic,13.99,91.94745579905029,11,2,0,0,1,Drama,0
49fd8911-5532-44f7-ad10-ff20f558c975,15,Standard,17.99,58.67713430252666,7,3,1,0,0,Horror,0
10e09c09-c6d1-4546-b63f-a511deeae2bf,23,Basic,17.99,46.93816677299327,8,1,0,0,0,Comedy,0
9a30e045-32cf-4c71-8617-6e69d24dab6d,23,Basic,9.99,83.79030085330083,11,1,0,0,1,Romance,0
a1b345db-4cd2-4a41-a0be-64d940775d45,16,Standard,9.99,83.42241262067854,25,5,0,0,1,Romance,0
4634be83-5ff4-4c89-b57a-e3d6badacb4f,11,Basic,17.99,71.16583349511593,8,4,0,0,1,Romance,0
b8eab14e-50fc-4403-aad0-c4cd8911b229,22,Standard,13.99,56.79257998835104,9,2,0,2,0,Action,0
a164f610-6787-4e2b-8b76-62933acfaf19,16,Standard,13.99,60.0275930201597,24,2,0,0,0,Horror,0
40f2c7e6-71c6-4960-b61d-16d6b656a036,8,Basic,13.99,34.46454095737827,1,2,1,0,0,Documentary,0
2a555ca2-86f2-48bc-be9c-8a7a1ffc7bf3,4,Standard,9.99,82.25893060414406,15,4,0,4,0,Romance,1
f235f65b-4419-4486-9651-aa9c3b38518f,8,Basic,13.99,81.55302619058287,19,5,0,1,1,Comedy,0
3a3822d5-771c-4040-9204-d9ad8cefed9a,4,Premium,9.99,33.76634499066432,6,4,1,0,0,Romance,0
8096d50c-1655-46da-8bf3-f09b39d4520b,24,Standard,9.99,77.35264167812272,27,1,1,1,1,Horror,0
39e004bb-be57-42a9-80f1-3a3deef58a01,3,Premium,13.99,68.08203310018017,1,1,1,0,1,Documentary,0
50d521c8-c203-4631-a62d-2784f32cd4fa,3,Standard,13.99,39.56051779218407,0,2,0,0,0,Action,0
5c6d08a1-17fd-4786-bf3d-3ba1c9575167,18,Basic,17.99,35.87999597855061,18,3,1,0,1,Drama,0
f97d6983-bed8-45b8-852e-6df8ea9496c1,19,Standard,17.99,67.46986538803445,27,2,0,1,1,Comedy,0
70525a31-9eee-433e-9726-13f3a417569f,19,Premium,13.99,52.04591772186164,3,3,0,0,1,Drama,0
d516b85b-3f3b-4cc4-9280-952ac7026fea,21,Standard,9.99,96.3989770109934,23,4,0,0,1,Action,0
bc936589-e658-488b-9876-693477dc1754,5,Premium,9.99,79.05196789297813,21,1,0,0,1,Horror,1
be872b03-4d27-4ddf-9826-3da6d62acd72,18,Premium,9.99,69.47386273464454,26,3,0,0,1,Horror,0
9061a7ba-3be9-4cf3-92e9-c75ba614894f,10,Basic,9.99,70.4615800800479,1,4,0,1,1,Action,0
868ac056-1fae-4ba1-8ad2-3cd6e7c26cbf,22,Basic,9.99,86.61734360734334,24,1,0,2,1,Romance,0
5ddf328d-6f92-46dd-833a-e8bdc22f2072,21,Standard,17.99,76.93036183454676,13,3,0,0,1,Action,0
c92ba947-5a10-4cab-97ba-2b299224c593,6,Standard,13.99,69.99532876992045,1,2,0,0,1,Comedy,0
7a9104cf-673e-4c68-b1e3-d32928b790ad,1,Premium,17.99,40.3947764740498,28,2,1,1,1,Documentary,1
60b3818d-78c2-43a5-9ab0-5a854686b5d4,5,Premium,9.99,121.23893930812437,14,2,1,4,1,Drama,1
f79bc972-76f0-4875-8e2f-f7ce1aac0327,9,Basic,9.99,37.93634485383534,11,4,0,0,1,Drama,0
afc4060a-074f-4c82-9b5d-614ece38801c,12,Basic,9.99,53.74914525799671,4,2,1,1,0,Horror,0
d092ee49-e39a-4372-be86-7b46646b165a,14,Standard,9.99,26.90543447180005,27,5,0,0,1,Romance,1
7de81a87-8ddb-4df3-9bd4-813756377c01,2,Basic,13.99,70.77596317538524,19,1,0,1,1,Horror,1
41382f55-1c2c-478b-9b48-69100f2e2fab,17,Premium,9.99,63.02220874569615,28,4,0,1,1,Comedy,0
dc22cf2f-c318-4202-8237-fbd06cd7d296,14,Standard,13.99,75.3055287672952,6,2,0,0,1,Action,0
2ce3a3df-cbab-45f4-8b21-7500629b8925,13,Standard,9.99,25.218687377911323,23,1,1,2,1,Drama,1
c1bc5b73-fcd9-4ebe-a0ee-3305d63dff61,9,Basic,13.99,82.25811334761863,20,3,0,0,1,Comedy,0
10c3f4dc-b3a8-49ea-b886-d88eb18a5fa7,15,Standard,17.99,43.851291970607704,9,2,0,0,0,Horror,0
6173619a-2ef4-4d19-838a-88e115ebd8f2,22,Standard,9.99,57.01989601272269,13,1,0,1,1,Horror,0
deb3f87c-d987-4cf3-a976-e7e6807f74fc,15,Standard,13.99,78.63142537362128,13,5,0,0,1,Drama,0
e56e165d-b14e-4693-b6a3-281da9103902,24,Basic,17.99,65.225333682638,4,3,1,1,1,Horror,0
da4699f0-871d-49d4-9978-0913c3921562,11,Standard,9.99,66.63885113333728,17,5,1,0,1,Romance,0
c510bb10-f082-4ea1-b97a-1010ba2d959d,16,Premium,9.99,75.98357639810799,23,1,0,0,1,Horror,0
90206bb5-80ea-423d-86bf-ad043c36d2a0,17,Basic,9.99,68.57581279877448,13,5,1,0,0,Documentary,0
eb41c342-af21-4a8a-8465-68dc8d2c8536,4,Basic,13.99,53.177841949025655,1,1,0,1,0,Action,0
eb64c6ce-1d6e-40d3-9883-27a6aaecbc27,1,Basic,13.99,56.67061743529542,25,1,1,0,1,Horror,1
e20ff641-a28a-47dd-8fb0-1045331d7365,8,Standard,17.99,64.23757357303646,11,5,0,2,0,Documentary,0
a7dde6e1-e396-49fb-8ac9-07fb1a9e46d4,17,Standard,13.99,42.08887812907331,21,1,0,0,1,Comedy,0
6ba32ecd-fd9f-48ef-b91b-4e0fdd5723c1,3,Standard,13.99,79.9201731877734,23,2,0,0,1,Horror,1
26323b9c-f66b-4416-93df-3d91f58cc7a8,20,Basic,9.99,65.77307861614968,5,1,0,1,1,Romance,0
795e157f-059b-4d8c-a738-ea18dff7d6a7,15,Basic,9.99,61.49552535843937,3,4,0,1,0,Comedy,0
e97a86f6-309b-43b1-a2c6-0ff315f6fac2,15,Standard,9.99,83.84993118062943,12,1,0,0,1,Horror,0
dda1d752-237f-48e2-8b0f-d7707140ee35,24,Standard,9.99,57.59772713577261,3,4,0,1,1,Drama,0
238f970a-ffac-49a2-b678-872fb6c67ed9,22,Premium,9.99,56.35158005695166,21,1,1,1,1,Documentary,0
be82c486-fc4c-4a36-bb03-c90371986429,14,Basic,9.99,50.30742471992071,13,1,0,0,1,Documentary,0
2ab6f155-e449-4d78-8839-6f8775f3cecb,23,Standard,9.99,66.8613401785187,15,5,0,0,0,Drama,0
e78ea894-1ac2-42e7-ace2-35fe72ec6ce0,14,Standard,17.99,66.16900216663029,28,2,0,0,1,Action,0
a6941d1b-2ca6-495a-a356-f4a030e39a42,24,Standard,17.99,46.67431598980187,3,2,1,0,1,Romance,0
9901f9a3-c3e4-4922-ad2a-8df0a4f7688c,2,Standard,17.99,56.44612045773199,23,3,0,0,1,Documentary,1
ff911042-b39f-4f3e-8c8c-3f7dcb66b9dc,13,Standard,17.99,46.80795462961534,24,5,1,0,1,Comedy,0
521250ba-4798-40db-bdb2-dc32fbdb6822,14,Premium,9.99,45.90263092369019,0,5,1,3,1,Romance,0
16a1b805-8c8f-4f70-ae02-63b10e6ea0bf,24,Basic,17.99,25.402043365463058,12,2,0,1,0,Documentary,1
4cc28d56-3b91-43fb-8a40-40f5acdde9be,19,Basic,9.99,55.38179492636889,3,5,0,0,0,Action,0
b7f706f1-78f7-4d7a-9e56-4fc3d0bec7a3,7,Standard,17.99,25.95573467839977,19,2,0,1,1,Comedy,1
96f9925c-660f-4d14-84f3-fa90cbacb82f,3,Standard,13.99,50.743686273209775,17,5,0,0,1,Romance,1
bdf08cb8-b586-49c1-9331-feb7294b4b07,15,Basic,17.99,47.74610708244783,5,1,1,0,0,Comedy,0
0c949d61-0a27-4482-bd5c-7f75530bf5b6,23,Basic,17.99,81.03790114531208,2,2,1,0,1,Drama,0
f8d4ce6e-610c-426d-9355-2ab0bed436c4,14,Basic,9.99,39.70130387380716,22,2,0,1,1,Horror,0
da173d4e-4fcb-4026-a869-3c90e7bec504,11,Premium,17.99,44.776272303710485,12,4,0,1,1,Drama,0
5d5de0c7-6d4f-443a-9a65-9b29f37dc80b,15,Basic,13.99,52.36951721616855,26,5,1,1,1,Romance,0
195fcb1b-6f9a-4f8d-87d3-b34583763f62,13,Basic,9.99,48.39712696994448,15,5,0,0,1,Horror,0
5f8f1136-1e0e-41ce-82fd-c7fed7c1668d,18,Basic,9.99,87.38509594843752,26,2,0,1,1,Drama,0
6dfc1921-c915-4d09-a0e6-df7027865662,6,Basic,17.99,37.22865253900761,4,1,0,1,1,Horror,0
e9f436b6-6274-4b33-a45c-f0b99aaca87c,3,Basic,9.99,52.41191002028316,3,1,0,1,1,Documentary,0
38efb630-e898-49e1-a3f3-52db4c3ad0f2,19,Standard,9.99,66.64130498328814,20,1,1,0,1,Comedy,0
2795714f-a690-4c92-9ea0-4c66e621e0d5,15,Basic,9.99,77.62366686084013,7,5,0,0,0,Horror,0
7dace28e-be23-49c0-9202-5c6ee4c72985,23,Premium,9.99,52.39516888139593,18,4,0,1,0,Documentary,0
47b71b6b-8863-4b6d-89f5-359e48af718c,5,Basic,9.99,21.638007989924148,13,2,1,0,1,Action,1
b4c30bc0-fa9f-4488-9774-75010a3570e8,10,Standard,9.99,56.997915568289905,6,3,0,1,1,Drama,0
8ce1a23f-533a-458c-93f4-ff044ddf42bf,7,Premium,13.99,87.0405695236143,13,4,1,1,1,Action,0
e4e52870-cdb3-406a-aa7d-ddff3955f211,17,Standard,17.99,65.64374814860854,5,3,0,0,1,Romance,0
f6f16b23-3017-4ca2-98c7-7a6bebb563b0,7,Standard,13.99,64.72835724719866,11,4,0,1,1,Documentary,0
a54a3ea2-3a2c-4249-9f9d-e4ce8364d299,22,Basic,9.99,38.73964016846007,15,1,1,0,1,Action,0
7031cbc8-e872-4e2e-90a4-8555fd037e23,12,Basic,9.99,36.68656819422671,16,5,0,0,1,Action,0
5752a518-2586-464f-ac6a-9ba44a34ce7c,17,Standard,17.99,60.36083297268198,12,3,0,0,1,Documentary,0
4ff1a960-35bc-4dc6-b35b-171d13159a6e,13,Premium,13.99,31.47242155437184,22,4,0,0,0,Comedy,0
98733809-948d-4d00-8854-078e74465620,20,Standard,17.99,75.6272444472502,13,5,0,0,1,Horror,0
809dab0f-81a7-4196-98b0-bd09697c0a52,4,Standard,13.99,43.06707502267275,28,3,0,0,1,Romance,1
a6d229b4-bb6f-44b6-9cd7-897c7c2227ca,10,Standard,9.99,59.506854385370126,6,2,1,0,1,Romance,0
aa6ae47e-2f95-4ced-a7af-130d4c113a13,3,Standard,17.99,22.28466162491516,13,4,1,1,1,Drama,1
07815d29-bd42-42da-a7f2-ca9fa619dbd0,9,Basic,17.99,52.123962631129864,14,2,1,0,1,Horror,0
e9b775b4-9903-4363-9b0b-7c41f111f109,13,Standard,9.99,36.28278905739594,11,1,0,2,1,Drama,0
c11c4f2a-a9cb-41af-b8f2-957b64c19daf,18,Premium,17.99,13.560871653163787,16,2,0,1,1,Romance,1
abb7b7f7-ae79-4170-8fd0-1528113fa418,15,Basic,13.99,70.83684178672635,8,2,0,1,0,Horror,0
fe209278-aff0-4dff-9885-63da9f1ec1f0,4,Standard,13.99,92.82319078183147,21,4,1,0,1,Action,1
4e96cc74-005d-4f4e-88cf-9aed2d851cff,15,Basic,13.99,82.58947178687893,14,1,0,1,0,Comedy,0
04e02b11-5bf0-4aed-9bf4-63222944c5b7,22,Standard,13.99,73.63381379807609,11,2,0,0,1,Action,0
daf503ae-4fc7-47e9-81a0-93f088123e23,2,Basic,9.99,51.71757664108908,1,5,1,0,0,Comedy,0
42e0d010-3a20-451c-b79d-2f82029dc3be,15,Standard,17.99,76.11780457095652,4,3,0,0,1,Documentary,0
91e1a2f7-457b-4e4a-b035-9846139730bb,8,Standard,13.99,84.47706397147456,12,2,0,1,0,Drama,0
78359b61-58bf-412b-9d1a-4c8f111ee069,8,Basic,9.99,62.736436593425864,26,1,1,0,0,Drama,0
e82a9403-bb12-4b75-b09e-85506f36fe69,17,Standard,17.99,36.31279655375955,19,2,1,0,1,Documentary,0
3bf8ef58-46fd-40a5-adde-9110a3bd3f7e,12,Standard,17.99,50.01231402817258,22,3,0,1,1,Horror,0
09da9a35-44a6-43df-be46-a88bde050a92,19,Premium,9.99,94.05392976695873,7,1,0,1,0,Documentary,0
3f85a467-6cd2-4d71-a838-ba0c7452f3ce,10,Basic,9.99,58.505116636996675,26,4,1,0,1,Romance,0
bc03848f-f429-4e21-86cc-f499fc539622,9,Basic,13.99,5.0,13,1,0,0,1,Documentary,1
32ebb251-2dba-4de7-a972-ee808b9b0ad9,5,Basic,17.99,30.621530726596127,14,4,0,0,1,Comedy,1
d686b4e4-cdfb-4326-8b1b-d3b22b571325,6,Premium,17.99,51.51102593715037,10,1,0,0,0,Romance,0
ee622754-56cc-49b8-bf89-4c254c183289,20,Premium,9.99,80.71650476835137,0,3,0,0,1,Documentary,0
0e111a7d-84ad-4a07-9d56-d8b5c1746a07,2,Standard,17.99,54.53755295186176,20,3,0,0,0,Drama,1
d157b4f5-bec8-4e41-9d88-bfe2f4a24503,24,Premium,13.99,81.0886330994652,2,1,0,0,1,Action,0
0c201235-8e74-48d2-8fe0-86ece912836d,13,Standard,17.99,49.476752929050214,16,2,0,0,0,Comedy,0
55382139-5d90-49a3-923f-9907f649e3bc,6,Standard,9.99,20.71414955528774,27,3,0,0,1,Comedy,1
25986a15-1c94-49f4-bad9-bebd52ca2a33,5,Basic,9.99,50.168776828038304,18,4,1,0,0,Horror,1
e7cd73fd-f111-4e38-9670-58c0766b7be0,1,Standard,13.99,66.8989000309257,13,4,1,0,1,Action,1
5d5f804a-c6c4-473f-b9a9-897d091d4904,21,Basic,13.99,65.23900698682627,21,5,1,0,1,Comedy,0
8643ec24-0cf7-4992-8e85-51bbe1c0ec8a,22,Premium,17.99,34.897845014867286,29,4,0,1,0,Documentary,0
f1ec7a99-fb08-4924-b2eb-3d006dd68439,21,Standard,17.99,52.97607596392469,22,5,0,0,0,Comedy,0
c1e9db9f-c813-44d3-863d-621296d17f70,6,Standard,9.99,113.69348476128147,7,1,0,0,1,Comedy,0
b5d32694-9f1a-41eb-b5ee-bb5a3e3941f0,6,Basic,13.99,35.33462347406247,12,1,1,0,1,Comedy,0
c9788099-8ccf-464c-94c5-905f14d7fec3,23,Basic,13.99,73.21446788927497,26,1,0,1,1,Horror,0
f10fbd66-dcc2-4272-b6b2-bcc03e801321,16,Basic,13.99,18.06648602860409,19,2,0,0,1,Comedy,1
08c52548-42de-4b1f-8a1d-1406bfd04a79,4,Basic,17.99,77.27583649139324,2,2,1,1,1,Comedy,0
28fe86e9-dd37-415b-a3b8-23c453320631,11,Basic,13.99,42.15349219623107,4,5,0,0,1,Horror,0
69e08027-03d4-429b-9fc0-cd4b48aba0c7,24,Premium,9.99,68.0417651640588,8,4,0,0,0,Romance,0
ae0e0bb4-d178-4800-aa65-55adc52d61ee,23,Standard,9.99,34.16948796463598,28,4,1,1,1,Action,0
de6700ae-7d99-4de7-8426-241282da0c8d,9,Basic,17.99,65.81705600353415,5,1,1,2,0,Romance,0
810fb03c-d1b2-4824-831d-aadc51f619ab,23,Basic,17.99,41.826994085171236,24,3,0,0,1,Drama,0
aad4b0d0-0731-40b0-b105-3a877f2cbf09,3,Standard,13.99,45.69903634066749,21,2,1,0,1,Horror,1
4d44722a-2cbe-451e-88d2-1b7f0699831f,19,Standard,17.99,68.83972012790062,1,2,0,2,1,Horror,0
7a84b1f7-97d3-4a4e-80a4-88037d72b12b,8,Standard,9.99,51.39229047205968,12,1,1,1,1,Comedy,0
4619fc4b-3ca6-4133-8c1e-3922c0b20c67,5,Premium,13.99,67.60762896432622,4,2,0,0,1,Comedy,0
e750d825-aa78-4726-adec-6da21b94d3d9,4,Standard,9.99,56.18317362713299,27,1,0,2,1,Drama,1
956b2a98-c577-4b48-86ee-f8c36029f523,24,Premium,13.99,61.3498736249455,26,5,0,2,0,Comedy,0
ce0b5f5c-80f0-4866-b8a9-04b79ecbfacb,6,Premium,17.99,68.90172942706803,24,4,1,2,1,Documentary,0
6a2a2da8-2238-406f-bc7d-4f2a5cb74dcc,2,Basic,13.99,52.99963090817718,7,3,0,1,1,Comedy,0
58f5cbb8-daf1-4eaa-8ab3-11b562989752,20,Premium,13.99,40.07900427996452,22,4,0,1,1,Comedy,0
789adb77-7f6f-4224-be31-136489377dc8,11,Basic,9.99,49.3537546814042,0,4,0,1,0,Documentary,0
119ca547-47a3-4050-9ea9-3af6769915d0,4,Premium,9.99,83.90278359666871,19,5,1,0,0,Drama,1
e1a545a9-6b0c-46f2-8611-f8d41ba9fd39,15,Basic,13.99,62.32346168153099,11,2,0,0,0,Documentary,0
75103a8f-3b81-4f8a-ac11-3a0f459a6a9f,6,Premium,17.99,43.10203093179052,22,3,0,2,0,Horror,0
aa5f9a69-31f7-4c5c-b19b-17f7100c00ae,22,Premium,17.99,68.03121216775438,10,2,0,2,1,Documentary,0
732192f2-af6f-4889-8053-4b26d280f561,17,Premium,9.99,69.36631169878277,6,4,0,0,1,Action,0
36a92783-5d92-46e0-beaa-6c273efe8e2e,24,Standard,17.99,70.39998151595621,14,1,0,1,1,Horror,0
5ad3f184-08af-463d-af87-5b59c15a3422,6,Basic,9.99,40.44325599257429,21,4,0,2,1,Comedy,0
2faf502c-bf94-4381-aeeb-3d5814b3585d,19,Basic,17.99,46.3521801142821,23,2,0,1,1,Horror,0
c09b156c-b05f-45c2-9c64-21d7579f1daa,2,Standard,13.99,46.46341567225977,10,4,0,0,0,Drama,0
2833e8ed-658c-4d85-baaf-177e93bf10ea,15,Basic,9.99,52.78704175867617,28,1,1,0,1,Drama,0
89f5ef42-d951-42dd-b8f6-c32febe75040,11,Standard,9.99,70.77838370287469,21,5,0,0,1,Documentary,0
7fe73733-cdc3-4440-a99d-13b98dbee760,8,Basic,13.99,65.92369609462027,25,2,0,0,0,Horror,0
b42c26bf-6e79-459b-8377-1618215f05f0,19,Premium,9.99,67.50433914314326,15,4,1,1,1,Comedy,0
45ff02aa-fccb-4a56-a0d9-b6c6270b120b,13,Standard,17.99,87.08038284743046,2,2,0,0,1,Drama,0
15504b0e-b76e-4cce-a08a-2a784f6a89d2,12,Premium,17.99,73.7778186498326,19,5,1,0,0,Romance,0
872bbabc-1aba-478e-9210-13b6bbe54f8c,5,Basic,9.99,57.16396750007825,13,4,0,0,0,Comedy,1
e146b81d-b4c0-44bc-9e65-4a04bab9baf0,6,Premium,17.99,36.32229647895001,2,4,0,0,1,Romance,0
c9519268-9801-4d2d-b7bf-b2733869a462,22,Premium,9.99,45.709059830582596,0,2,0,0,0,Action,0
80b28197-1948-46c4-929b-837e981986cc,4,Standard,13.99,54.76589864643546,25,2,1,1,1,Romance,1
ea71b519-7ef0-4aba-b788-5f5e0601ba02,19,Standard,9.99,76.58259654672227,20,1,0,1,0,Drama,0
1779409e-caac-4dbd-a4a9-db1e7926afcf,20,Standard,13.99,59.453361317878134,14,5,0,3,1,Documentary,1
d5d903a7-e065-4d88-8398-b5e1af6ff28e,1,Basic,17.99,46.87608090223114,0,1,1,2,1,Action,0
4eb49a41-e80b-4750-bbaa-e2e512866a74,20,Standard,13.99,45.34214228545548,16,4,0,0,1,Horror,0
b7fe7665-3b8d-4641-a055-26b162987e52,17,Basic,17.99,58.608435821575476,1,2,0,0,1,Comedy,0
9bf5f537-bbba-4b33-8758-164ebe7cc94e,12,Basic,9.99,77.79975124434199,28,4,0,0,0,Drama,0
